CustomerID,Gender,InvoiceDate,InvoiceNumber,ProductID,Quantity,Price,Total,Country,DeviceCategory
9691,Female,01-01-2019,26088332,32,3,91.37,274.11,India,Computer
8327,Female,01-01-2019,95183269,34,1,48.24,48.24,India,Computer
6801,Male,01-01-2019,44769684,64,2,35.23,70.46,United States,Computer
4406,Male,01-02-2019,12422351,41,2,32.33,64.66,Philippines,Mobile
1966,Male,01-03-2019,84352310,20,1,81.89,81.89,Brazil,Computer
6148,Male,01-03-2019,53293645,10,3,19.34,58.02,Egypt,Computer
4183,Male,01-04-2019,22473410,46,2,9.88,19.76,Turkey,Computer
5979,Male,01-05-2019,45762453,79,2,33.28,66.56,Japan,Computer
7656,Male,01-05-2019,72918460,91,3,67.48,202.44,United States,Mobile
9953,Male,01-06-2019,84161141,61,2,70.34,140.68,Japan,Computer
1817,Female,01-07-2019,81218452,31,3,43.5,130.5,China,Computer
6653,Male,01-07-2019,85161028,33,2,28.56,57.12,United Kingdom,Computer
5162,Male,01-08-2019,32023373,57,1,13.08,13.08,South Korea,Computer
4825,Female,01-09-2019,75330542,97,1,56.74,56.74,Japan,Computer
1166,Male,01-09-2019,29669465,22,2,41.48,82.96,Japan,Computer
8000,Female,01-10-2019,68975681,84,3,32.88,98.64,Brazil,Computer
1712,Male,01-10-2019,14535740,9,1,73.83,73.83,United Kingdom,Computer
6399,Male,01-11-2019,29415165,39,3,41.61,124.83,Russia,Computer
6379,Male,01-11-2019,97024423,30,2,6.08,12.16,Turkey,Computer
3256,Female,01-11-2019,73294466,43,2,30.66,61.32,Japan,Computer
7692,Male,01-12-2019,98393960,29,1,1.91,1.91,China,Mobile
3440,Male,1/13/2019,33590014,15,1,6.32,6.32,United Kingdom,Computer
5330,Female,1/13/2019,96617596,56,3,87.34,262.02,Australia,Mobile
5663,Female,1/13/2019,64683713,54,1,90.78,90.78,Saudi Arabia,Computer
1385,Male,1/13/2019,46115974,96,3,36.96,110.88,Japan,Mobile
9551,Male,1/14/2019,27274542,61,1,70.34,70.34,France,Computer
8724,Female,1/14/2019,23525893,24,2,99.58,199.16,United States,Computer
5213,Female,1/15/2019,63003930,12,3,86.11,258.33,Taiwan,Computer
3313,Male,1/16/2019,41087733,90,2,21.51,43.02,India,Computer
4243,Female,1/17/2019,78577841,84,1,32.88,32.88,United States,Computer
1356,Male,1/17/2019,89821265,40,3,89.85,269.55,Saudi Arabia,Computer
3543,Female,1/18/2019,20166192,24,3,99.58,298.74,United States,Computer
5301,Female,1/18/2019,33956582,60,1,91.28,91.28,Saudi Arabia,Computer
1847,Female,1/19/2019,85343805,49,3,99.72,299.16,Indonesia,Computer
8180,Male,1/19/2019,89023504,19,3,13.2,39.6,South Korea,Computer
2050,Male,1/20/2019,31556200,69,2,96.47,192.94,South Korea,Mobile
6670,Male,1/20/2019,35445083,9,3,73.83,221.49,Argentina,Mobile
1919,Female,1/21/2019,50539359,23,3,95.72,287.16,Italy,Computer
1972,Male,1/21/2019,24547944,17,2,18.86,37.72,Russia,Computer
2396,Female,1/22/2019,71200221,10,1,19.34,19.34,Japan,Computer
9792,Female,1/23/2019,46052212,60,2,91.28,182.56,China,Computer
7118,Female,1/23/2019,73826943,76,3,76.67,230.01,Russia,Mobile
1990,Female,1/24/2019,91309063,85,1,68.31,68.31,China,Computer
6002,Male,1/24/2019,92733022,97,2,56.74,113.48,Canada,Computer
5822,Female,1/25/2019,81706166,24,1,99.58,99.58,Turkey,Computer
8837,Male,1/26/2019,79074150,61,2,70.34,140.68,United States,Computer
2437,Male,1/26/2019,94518091,8,1,67.18,67.18,Italy,Mobile
1457,Female,1/26/2019,11512793,75,2,32.34,64.68,India,Computer
3446,Female,1/26/2019,36215549,67,2,17.22,34.44,Germany,Mobile
1784,Female,1/26/2019,93398915,18,1,1.97,1.97,France,Computer
8735,Male,1/27/2019,39689144,11,2,4.31,8.62,Brazil,Computer
6952,Male,1/27/2019,49336199,23,1,95.72,95.72,Taiwan,Computer
9816,Female,1/27/2019,83768533,98,1,85.04,85.04,United States,Computer
4049,Female,1/28/2019,96649574,94,1,17.63,17.63,Egypt,Computer
1395,Male,1/28/2019,17352662,9,3,73.83,221.49,United Kingdom,Mobile
7936,Male,1/29/2019,29489662,25,2,11.29,22.58,France,Computer
2609,Female,1/29/2019,37211927,19,2,13.2,26.4,United States,Mobile
2495,Male,1/30/2019,50599444,21,3,98.91,296.73,China,Mobile
4592,Male,1/31/2019,41719113,27,3,72.93,218.79,France,Computer
6440,Female,1/31/2019,11529780,4,2,32.43,64.86,Taiwan,Mobile
8919,Male,02-01-2019,54575778,4,3,32.43,97.29,China,Computer
7211,Male,02-01-2019,93139178,47,2,64.64,129.28,Australia,Mobile
5189,Male,02-01-2019,18189745,85,1,68.31,68.31,France,Mobile
3360,Female,02-01-2019,46806659,9,2,73.83,147.66,Japan,Computer
9523,Male,02-02-2019,85394637,29,2,1.91,3.82,United States,Mobile
9281,Female,02-02-2019,43930998,79,3,33.28,99.84,Russia,Computer
2844,Female,02-03-2019,98343421,62,2,81.46,162.92,United Kingdom,Computer
3761,Male,02-04-2019,90393819,80,1,77.64,77.64,Taiwan,Computer
3399,Male,02-05-2019,60520530,41,2,32.33,64.66,Switzerland,Computer
2503,Male,02-05-2019,25877286,92,1,58.5,58.5,United States,Computer
1832,Male,02-06-2019,86264346,100,2,98.59,197.18,United Kingdom,Mobile
1542,Male,02-07-2019,84546978,29,1,1.91,1.91,United States,Computer
9899,Female,02-07-2019,81805625,38,1,26.03,26.03,Switzerland,Computer
6916,Male,02-08-2019,76487166,25,1,11.29,11.29,India,Mobile
2948,Male,02-09-2019,44777671,52,1,20.15,20.15,Egypt,Mobile
4190,Male,02-09-2019,93538850,89,3,37.61,112.83,Brazil,Computer
2144,Male,02-10-2019,31528625,46,1,9.88,9.88,United Kingdom,Computer
3521,Male,02-10-2019,13262212,52,2,20.15,40.3,Japan,Mobile
9149,Male,02-10-2019,41497662,73,3,30.57,91.71,Brazil,Computer
7281,Male,02-10-2019,52320968,78,1,19.66,19.66,Italy,Computer
1529,Male,02-10-2019,45274559,8,1,67.18,67.18,Japan,Computer
8311,Male,02-11-2019,72705429,50,2,50.71,101.42,Germany,Computer
1240,Male,02-11-2019,66883041,46,3,9.88,29.64,South Korea,Mobile
3613,Female,02-12-2019,41983414,91,2,67.48,134.96,South Korea,Computer
8579,Male,02-12-2019,42429169,80,2,77.64,155.28,Germany,Mobile
8528,Male,2/13/2019,80275930,52,2,20.15,40.3,Italy,Computer
4499,Male,2/13/2019,25343587,22,3,41.48,124.44,Australia,Computer
3811,Male,2/13/2019,94219421,21,1,98.91,98.91,Japan,Mobile
7695,Female,2/14/2019,57499295,66,1,56.01,56.01,China,Computer
2821,Male,2/15/2019,80452262,78,3,19.66,58.98,Mexico,Computer
3219,Male,2/15/2019,53369403,89,1,37.61,37.61,Italy,Computer
2314,Male,2/15/2019,87415429,84,3,32.88,98.64,Mexico,Computer
6018,Male,2/15/2019,85412978,5,1,11.97,11.97,Taiwan,Mobile
9304,Male,2/16/2019,32348718,82,2,5.82,11.64,Russia,Computer
9993,Male,2/16/2019,52989754,5,2,11.97,23.94,Brazil,Computer
9199,Male,2/16/2019,49369386,98,3,85.04,255.12,Netherlands,Computer
2289,Male,2/17/2019,13050446,67,3,17.22,51.66,Russia,Computer
6836,Male,2/17/2019,75641745,1,2,81.91,163.82,Mexico,Computer
2783,Male,2/18/2019,86200787,59,3,79.57,238.71,United States,Mobile
8462,Male,2/19/2019,56715045,25,2,11.29,22.58,Belgium,Computer
9293,Female,2/19/2019,39840311,56,1,87.34,87.34,Egypt,Computer
5459,Male,2/20/2019,91175672,70,1,63.88,63.88,Canada,Computer
4692,Male,2/20/2019,92723264,54,1,90.78,90.78,France,Mobile
9317,Female,2/21/2019,77430402,32,3,91.37,274.11,United States,Computer
3163,Male,2/22/2019,63194104,51,3,50.59,151.77,China,Computer
8142,Female,2/22/2019,45916741,95,1,50.48,50.48,United States,Computer
3279,Male,2/23/2019,80609189,73,1,30.57,30.57,Philippines,Computer
7467,Male,2/23/2019,40302112,66,2,56.01,112.02,China,Computer
1128,Female,2/24/2019,70062063,12,2,86.11,172.22,Switzerland,Computer
2470,Male,2/24/2019,69991816,27,1,72.93,72.93,Vietnam,Computer
6111,Male,2/25/2019,26294854,34,3,48.24,144.72,Indonesia,Mobile
7540,Male,2/25/2019,35566693,32,1,91.37,91.37,India,Mobile
8024,Male,2/25/2019,12709786,26,3,34.43,103.29,Canada,Mobile
7669,Female,2/26/2019,86454414,31,1,43.5,43.5,Italy,Computer
5055,Male,2/26/2019,50669223,4,2,32.43,64.86,Nigeria,Mobile
9919,Male,2/27/2019,63221839,40,3,89.85,269.55,Germany,Mobile
1973,Male,2/27/2019,23855191,89,1,37.61,37.61,South Korea,Computer
2922,Male,2/27/2019,44109210,39,1,41.61,41.61,Netherlands,Mobile
7006,Male,2/27/2019,21302560,82,3,5.82,17.46,South Korea,Computer
7107,Male,2/28/2019,13449170,45,2,3.67,7.34,South Korea,Computer
3623,Male,03-01-2019,98537015,39,2,41.61,83.22,Brazil,Computer
3794,Male,03-01-2019,38912453,44,1,52.78,52.78,France,Computer
2305,Male,03-02-2019,24812248,53,3,7.51,22.53,Indonesia,Computer
4761,Female,03-02-2019,55049271,18,1,1.97,1.97,Argentina,Computer
6874,Female,03-03-2019,24623839,18,2,1.97,3.94,United Kingdom,Computer
8515,Male,03-03-2019,27824082,6,3,8.07,24.21,Switzerland,Computer
7873,Female,03-03-2019,11785961,56,2,87.34,174.68,South Korea,Computer
1742,Female,03-04-2019,37516577,86,1,93.47,93.47,South Korea,Mobile
6691,Male,03-04-2019,24652972,85,1,68.31,68.31,Mexico,Computer
6960,Female,03-05-2019,30191945,51,1,50.59,50.59,Japan,Mobile
6849,Male,03-05-2019,70476491,47,1,64.64,64.64,India,Computer
6005,Male,03-06-2019,72987497,53,1,7.51,7.51,United States,Mobile
4507,Male,03-07-2019,59202076,71,3,57.53,172.59,South Korea,Computer
4282,Female,03-07-2019,38978082,51,2,50.59,101.18,Canada,Computer
4349,Male,03-08-2019,24699973,70,3,63.88,191.64,Spain,Computer
2371,Male,03-08-2019,55541844,4,2,32.43,64.86,Spain,Computer
6483,Male,03-09-2019,48148209,39,2,41.61,83.22,Mexico,Computer
9244,Female,03-10-2019,49918538,63,2,57.12,114.24,Germany,Computer
7702,Male,03-10-2019,89731038,9,1,73.83,73.83,Canada,Mobile
8750,Male,03-10-2019,62993008,50,3,50.71,152.13,France,Computer
8113,Female,03-11-2019,53796492,65,1,38.95,38.95,Russia,Computer
2140,Male,03-11-2019,43599668,6,3,8.07,24.21,Vietnam,Computer
1215,Female,03-12-2019,54998773,72,3,3.55,10.65,Japan,Computer
2248,Male,03-12-2019,59742198,39,1,41.61,41.61,United States,Mobile
6258,Male,3/13/2019,75273264,39,1,41.61,41.61,Spain,Computer
3562,Male,3/14/2019,61783260,56,3,87.34,262.02,Germany,Computer
9208,Male,3/14/2019,18053386,70,2,63.88,127.76,South Korea,Computer
9495,Female,3/14/2019,26844645,69,1,96.47,96.47,Taiwan,Mobile
1495,Male,3/14/2019,16077009,10,2,19.34,38.68,Turkey,Computer
9998,Male,3/14/2019,26100713,91,2,67.48,134.96,United Kingdom,Computer
9395,Male,3/14/2019,46141785,90,1,21.51,21.51,China,Computer
6333,Female,3/15/2019,17705878,24,1,99.58,99.58,India,Mobile
6634,Female,3/16/2019,97548443,66,1,56.01,56.01,Netherlands,Mobile
9944,Female,3/16/2019,94572670,89,1,37.61,37.61,Italy,Computer
9951,Male,3/17/2019,17131549,22,2,41.48,82.96,Vietnam,Computer
2789,Male,3/17/2019,63883927,3,1,97.19,97.19,Spain,Computer
3385,Male,3/18/2019,66320727,5,3,11.97,35.91,United Kingdom,Computer
1166,Male,3/19/2019,50914803,13,1,41.29,41.29,United States,Computer
2035,Male,3/19/2019,13683428,88,2,40.95,81.9,United States,Mobile
7387,Male,3/20/2019,32256430,49,2,99.72,199.44,China,Computer
4289,Male,3/21/2019,17455709,36,2,48.16,96.32,Egypt,Computer
4156,Male,3/21/2019,56142928,26,3,34.43,103.29,Japan,Computer
8856,Male,3/21/2019,73448314,39,2,41.61,83.22,Canada,Computer
1358,Male,3/21/2019,89726105,98,1,85.04,85.04,Australia,Computer
7674,Male,3/22/2019,52051892,7,2,59.68,119.36,Mexico,Computer
4725,Male,3/23/2019,14651466,45,3,3.67,11.01,Indonesia,Computer
2960,Male,3/24/2019,20100176,72,1,3.55,3.55,Japan,Mobile
4352,Male,3/24/2019,37889558,67,1,17.22,17.22,Canada,Computer
1941,Male,3/25/2019,63459803,86,3,93.47,280.41,Australia,Mobile
2279,Male,3/25/2019,71194031,67,2,17.22,34.44,Russia,Computer
4551,Male,3/26/2019,40345595,81,2,52.96,105.92,United States,Computer
9101,Female,3/26/2019,14893850,96,2,36.96,73.92,Germany,Computer
4995,Male,3/27/2019,75073824,83,2,1.22,2.44,Saudi Arabia,Computer
8425,Male,3/27/2019,31808198,23,3,95.72,287.16,Indonesia,Computer
9177,Male,3/28/2019,94230696,33,2,28.56,57.12,Canada,Mobile
6102,Male,3/28/2019,31392911,5,2,11.97,23.94,United Kingdom,Mobile
5336,Male,3/29/2019,53312156,37,1,11.5,11.5,Australia,Computer
2918,Male,3/29/2019,84266640,94,1,17.63,17.63,South Korea,Computer
2395,Female,3/29/2019,50513914,90,3,21.51,64.53,Netherlands,Mobile
5327,Male,3/30/2019,96949015,76,2,76.67,153.34,United States,Computer
6547,Female,3/30/2019,89655348,79,2,33.28,66.56,Mexico,Mobile
6254,Male,3/31/2019,86741273,54,2,90.78,181.56,Germany,Computer
2131,Male,04-01-2019,16010723,66,2,56.01,112.02,Spain,Computer
3406,Female,04-01-2019,44187245,41,1,32.33,32.33,Switzerland,Mobile
8333,Male,04-02-2019,26120474,94,1,17.63,17.63,Japan,Mobile
2954,Male,04-03-2019,95369856,22,3,41.48,124.44,France,Computer
2629,Male,04-03-2019,89702444,84,3,32.88,98.64,Taiwan,Computer
2965,Female,04-04-2019,33146638,60,3,91.28,273.84,Russia,Computer
5999,Male,04-05-2019,85871926,76,2,76.67,153.34,Mexico,Computer
5435,Male,04-05-2019,51489078,78,2,19.66,39.32,Indonesia,Computer
8469,Male,04-05-2019,43799147,61,1,70.34,70.34,Mexico,Computer
9732,Male,04-05-2019,73642738,5,1,11.97,11.97,United States,Computer
6460,Male,04-06-2019,50844491,46,1,9.88,9.88,United States,Computer
4313,Female,04-07-2019,45010780,57,1,13.08,13.08,Vietnam,Computer
6498,Male,04-07-2019,41372323,35,2,78.78,157.56,Netherlands,Computer
2364,Female,04-08-2019,23009329,90,2,21.51,43.02,Indonesia,Mobile
5272,Male,04-09-2019,96906446,41,3,32.33,96.99,Taiwan,Computer
6540,Male,04-09-2019,86149492,9,1,73.83,73.83,Brazil,Mobile
4169,Male,04-10-2019,12743560,13,3,41.29,123.87,India,Computer
8419,Male,04-10-2019,91960701,48,3,31.26,93.78,Vietnam,Computer
2652,Male,04-11-2019,83714744,14,2,89.76,179.52,Saudi Arabia,Mobile
5044,Male,04-12-2019,30502883,9,2,73.83,147.66,United Kingdom,Mobile
3740,Male,4/13/2019,83641351,5,1,11.97,11.97,Japan,Computer
6505,Male,4/13/2019,79506795,55,3,73.53,220.59,Spain,Mobile
6149,Male,4/13/2019,31445482,20,3,81.89,245.67,Canada,Computer
5857,Female,4/14/2019,93319464,35,1,78.78,78.78,United States,Computer
7294,Male,4/15/2019,94142245,66,3,56.01,168.03,Japan,Mobile
9783,Female,4/15/2019,48517415,87,3,50.56,151.68,India,Mobile
6941,Female,4/16/2019,72273092,47,3,64.64,193.92,China,Computer
3239,Male,4/16/2019,70725155,17,2,18.86,37.72,Poland,Computer
8026,Female,4/16/2019,95608036,18,2,1.97,3.94,Nigeria,Computer
3214,Male,4/17/2019,66240326,53,2,7.51,15.02,Switzerland,Mobile
4722,Male,4/18/2019,37869306,73,2,30.57,61.14,Canada,Computer
9256,Female,4/18/2019,95506617,35,3,78.78,236.34,Egypt,Computer
9665,Male,4/18/2019,84532284,12,2,86.11,172.22,Canada,Computer
3336,Male,4/19/2019,96952208,81,1,52.96,52.96,United States,Computer
4964,Male,4/19/2019,49174827,75,2,32.34,64.68,Indonesia,Computer
3690,Male,4/20/2019,57488166,35,3,78.78,236.34,India,Computer
3295,Male,4/21/2019,85732250,84,2,32.88,65.76,Italy,Computer
3369,Female,4/21/2019,70471103,74,1,33.51,33.51,Indonesia,Mobile
3171,Female,4/21/2019,75570984,75,3,32.34,97.02,Argentina,Mobile
7169,Female,4/22/2019,81184751,50,3,50.71,152.13,France,Computer
3239,Male,4/22/2019,65490656,70,3,63.88,191.64,Argentina,Mobile
8523,Male,4/22/2019,61106370,75,1,32.34,32.34,Japan,Computer
4110,Female,4/23/2019,74535032,69,1,96.47,96.47,Japan,Computer
8376,Male,4/23/2019,20031614,68,1,32.68,32.68,Belgium,Mobile
8430,Male,4/24/2019,27231447,69,3,96.47,289.41,Canada,Computer
2784,Female,4/25/2019,89653660,75,3,32.34,97.02,United Kingdom,Computer
7994,Female,4/25/2019,84036365,74,3,33.51,100.53,China,Computer
3881,Male,4/25/2019,85021243,40,1,89.85,89.85,Australia,Computer
3406,Female,4/26/2019,34385189,3,2,97.19,194.38,Germany,Computer
1847,Female,4/26/2019,66128332,24,3,99.58,298.74,China,Mobile
6860,Female,4/26/2019,59176630,72,2,3.55,7.1,Russia,Computer
5428,Male,4/27/2019,44005732,97,1,56.74,56.74,Germany,Computer
5574,Male,4/27/2019,21253601,59,2,79.57,159.14,China,Computer
5146,Male,4/28/2019,30365107,96,3,36.96,110.88,United Kingdom,Computer
5371,Female,4/28/2019,78889263,52,1,20.15,20.15,Australia,Mobile
9899,Female,4/28/2019,63562139,47,2,64.64,129.28,Spain,Mobile
1178,Male,4/29/2019,33221841,38,3,26.03,78.09,Russia,Computer
8271,Female,4/29/2019,99009609,44,2,52.78,105.56,Turkey,Computer
4444,Male,4/30/2019,13934577,20,2,81.89,163.78,Canada,Computer
5602,Male,05-01-2019,59535369,65,3,38.95,116.85,India,Computer
2928,Male,05-01-2019,63473004,99,3,36.83,110.49,Japan,Mobile
4051,Male,05-02-2019,68966208,66,3,56.01,168.03,Canada,Computer
9496,Male,05-02-2019,92612896,31,2,43.5,87,Japan,Computer
6166,Male,05-03-2019,41330931,47,2,64.64,129.28,Japan,Computer
7850,Male,05-03-2019,79616641,56,2,87.34,174.68,Nigeria,Computer
6322,Male,05-04-2019,31254915,63,1,57.12,57.12,Russia,Computer
1469,Male,05-05-2019,41782170,87,3,50.56,151.68,China,Computer
6316,Male,05-05-2019,46540049,91,2,67.48,134.96,United States,Computer
5057,Female,05-06-2019,78579273,42,2,74.77,149.54,Mexico,Computer
4621,Male,05-06-2019,95036968,13,1,41.29,41.29,Italy,Computer
5033,Male,05-07-2019,26919482,3,3,97.19,291.57,Saudi Arabia,Computer
5071,Male,05-07-2019,94762690,4,2,32.43,64.86,China,Mobile
6460,Male,05-08-2019,49211763,74,1,33.51,33.51,China,Computer
6047,Female,05-08-2019,65502945,17,1,18.86,18.86,Taiwan,Computer
3854,Female,05-08-2019,80736157,96,2,36.96,73.92,South Korea,Computer
4802,Male,05-09-2019,34307593,12,1,86.11,86.11,Japan,Mobile
1216,Male,05-09-2019,79279991,48,2,31.26,62.52,China,Mobile
2445,Male,05-09-2019,54569127,81,1,52.96,52.96,Switzerland,Computer
5895,Male,05-09-2019,64284522,31,3,43.5,130.5,Germany,Computer
3317,Male,05-10-2019,49730257,46,2,9.88,19.76,India,Computer
7421,Female,05-10-2019,35384187,20,2,81.89,163.78,Brazil,Computer
6318,Male,05-11-2019,93229641,55,1,73.53,73.53,Vietnam,Mobile
2516,Male,05-11-2019,14798756,79,2,33.28,66.56,South Korea,Mobile
1627,Male,05-12-2019,16756522,17,1,18.86,18.86,Japan,Mobile
9825,Male,5/13/2019,63556067,15,2,6.32,12.64,China,Computer
4241,Male,5/13/2019,43168063,89,3,37.61,112.83,Canada,Computer
2806,Male,5/14/2019,79659066,26,3,34.43,103.29,United States,Computer
8133,Male,5/15/2019,50517929,44,1,52.78,52.78,Spain,Mobile
3683,Male,5/15/2019,60675427,94,1,17.63,17.63,Taiwan,Computer
5106,Male,5/16/2019,25675467,85,3,68.31,204.93,Turkey,Mobile
6993,Male,5/16/2019,66740797,51,1,50.59,50.59,South Korea,Computer
4409,Male,5/17/2019,27531191,89,3,37.61,112.83,Japan,Mobile
5356,Male,5/17/2019,67552493,38,2,26.03,52.06,Taiwan,Computer
9922,Male,5/17/2019,97387893,19,3,13.2,39.6,Australia,Mobile
2852,Male,5/18/2019,16977806,39,3,41.61,124.83,Russia,Computer
9369,Male,5/18/2019,30398642,66,3,56.01,168.03,Russia,Computer
1542,Male,5/19/2019,19022959,95,1,50.48,50.48,Switzerland,Mobile
1721,Male,5/19/2019,89057589,75,2,32.34,64.68,Mexico,Computer
2518,Male,5/20/2019,24311262,2,2,33.11,66.22,Germany,Mobile
3697,Male,5/21/2019,40338257,65,1,38.95,38.95,Taiwan,Computer
2521,Male,5/22/2019,58007919,43,1,30.66,30.66,Canada,Computer
7932,Male,5/23/2019,16708191,87,3,50.56,151.68,South Korea,Computer
5424,Female,5/23/2019,27067709,4,1,32.43,32.43,China,Computer
1639,Female,5/23/2019,94611714,71,1,57.53,57.53,South Korea,Computer
3365,Female,5/24/2019,75050827,28,1,5.32,5.32,South Korea,Mobile
2852,Male,5/24/2019,74552035,50,3,50.71,152.13,United Kingdom,Computer
5643,Male,5/25/2019,83262329,28,1,5.32,5.32,United Kingdom,Computer
3379,Male,5/26/2019,19094710,62,3,81.46,244.38,Australia,Computer
6897,Female,5/26/2019,63978466,83,2,1.22,2.44,United States,Computer
5507,Male,5/26/2019,62457179,89,3,37.61,112.83,Canada,Mobile
7577,Male,5/27/2019,32324224,71,2,57.53,115.06,Germany,Computer
9247,Male,5/27/2019,77565559,92,2,58.5,117,Russia,Mobile
3640,Male,5/28/2019,16827237,84,2,32.88,65.76,Iran,Computer
6485,Male,5/28/2019,34027152,72,3,3.55,10.65,France,Computer
5365,Female,5/28/2019,65463420,85,3,68.31,204.93,Brazil,Mobile
3267,Male,5/29/2019,35696922,93,3,67.46,202.38,Spain,Mobile
6709,Male,5/30/2019,47043884,17,2,18.86,37.72,United States,Computer
1267,Female,5/30/2019,59971952,70,1,63.88,63.88,Japan,Computer
1774,Male,5/30/2019,30401272,62,2,81.46,162.92,Russia,Computer
4778,Male,5/31/2019,73578440,57,3,13.08,39.24,Italy,Computer
7697,Male,5/31/2019,34242298,28,1,5.32,5.32,Canada,Computer
1947,Female,06-01-2019,62348375,10,3,19.34,58.02,Russia,Mobile
6093,Female,06-02-2019,25145345,80,1,77.64,77.64,Australia,Mobile
5122,Male,06-02-2019,59888460,35,1,78.78,78.78,Spain,Computer
2482,Male,06-03-2019,97412065,82,1,5.82,5.82,China,Computer
4404,Female,06-03-2019,80894491,4,1,32.43,32.43,India,Computer
5317,Female,06-04-2019,79341981,55,1,73.53,73.53,France,Computer
9313,Male,06-04-2019,28219389,46,3,9.88,29.64,Brazil,Computer
6219,Male,06-04-2019,54389287,44,3,52.78,158.34,United Kingdom,Computer
2582,Male,06-05-2019,34110262,46,2,9.88,19.76,Italy,Mobile
7006,Male,06-06-2019,93810804,9,1,73.83,73.83,United Kingdom,Computer
2284,Male,06-06-2019,29466444,97,3,56.74,170.22,United States,Computer
9232,Male,06-06-2019,13234822,89,1,37.61,37.61,Germany,Computer
6863,Male,06-07-2019,81486516,10,2,19.34,38.68,Russia,Mobile
9527,Female,06-08-2019,51029989,78,3,19.66,58.98,France,Computer
3635,Female,06-08-2019,28823860,41,2,32.33,64.66,United States,Computer
8305,Male,06-08-2019,75588692,74,3,33.51,100.53,China,Computer
3769,Male,06-08-2019,40330756,58,3,74.55,223.65,Iran,Computer
9616,Female,06-09-2019,60175990,19,2,13.2,26.4,United States,Computer
3507,Male,06-09-2019,33555272,83,1,1.22,1.22,Netherlands,Computer
8937,Male,06-09-2019,84395941,54,2,90.78,181.56,France,Mobile
1402,Female,06-09-2019,32069824,11,2,4.31,8.62,South Korea,Computer
9890,Male,06-10-2019,59798173,41,2,32.33,64.66,Turkey,Computer
4016,Female,06-10-2019,59321514,23,1,95.72,95.72,Germany,Mobile
2129,Male,06-10-2019,65122033,15,3,6.32,18.96,Russia,Computer
3733,Male,06-11-2019,19065810,26,1,34.43,34.43,Australia,Computer
9154,Male,06-12-2019,32647874,100,3,98.59,295.77,United States,Mobile
6059,Male,06-12-2019,15372928,26,3,34.43,103.29,Brazil,Computer
7233,Female,06-12-2019,18885259,82,2,5.82,11.64,Indonesia,Mobile
5719,Male,6/13/2019,46520736,14,3,89.76,269.28,South Korea,Computer
2345,Female,6/13/2019,85552299,29,2,1.91,3.82,India,Computer
4138,Male,6/14/2019,16732898,61,3,70.34,211.02,Germany,Computer
6827,Female,6/15/2019,49338679,54,3,90.78,272.34,United States,Mobile
4209,Female,6/15/2019,72241880,68,1,32.68,32.68,Australia,Computer
5372,Male,6/16/2019,51910794,27,1,72.93,72.93,France,Mobile
8094,Female,6/16/2019,86348708,10,3,19.34,58.02,Germany,Mobile
6803,Male,6/16/2019,52305316,27,2,72.93,145.86,Spain,Computer
7767,Female,6/17/2019,99387448,15,1,6.32,6.32,Philippines,Computer
6232,Male,6/18/2019,40910045,93,2,67.46,134.92,India,Computer
7057,Male,6/18/2019,76560079,73,2,30.57,61.14,India,Mobile
1694,Female,6/18/2019,42581403,34,1,48.24,48.24,Canada,Mobile
1750,Male,6/19/2019,54793142,55,2,73.53,147.06,South Korea,Mobile
1985,Male,6/20/2019,25724881,33,3,28.56,85.68,South Korea,Computer
3466,Female,6/20/2019,33658899,68,1,32.68,32.68,United States,Computer
6496,Male,6/21/2019,18788986,52,2,20.15,40.3,China,Mobile
4248,Male,6/21/2019,48005052,17,3,18.86,56.58,Egypt,Computer
2702,Male,6/22/2019,32497318,91,2,67.48,134.96,Indonesia,Computer
9108,Male,6/22/2019,76774513,75,3,32.34,97.02,Argentina,Mobile
2532,Female,6/22/2019,63635746,48,2,31.26,62.52,Saudi Arabia,Computer
2764,Male,6/22/2019,97583780,8,1,67.18,67.18,United States,Computer
4131,Female,6/23/2019,50217307,100,1,98.59,98.59,United States,Computer
8505,Female,6/24/2019,61245045,61,2,70.34,140.68,Argentina,Computer
1208,Female,6/25/2019,84086170,90,2,21.51,43.02,Australia,Computer
3574,Male,6/26/2019,52153152,40,3,89.85,269.55,Japan,Computer
7042,Male,6/26/2019,30670530,53,1,7.51,7.51,United States,Computer
2740,Male,6/27/2019,23590378,38,2,26.03,52.06,United Kingdom,Computer
4966,Female,6/27/2019,84873078,86,3,93.47,280.41,India,Computer
4204,Female,6/27/2019,72220646,18,1,1.97,1.97,United States,Mobile
3993,Female,6/28/2019,37394404,5,1,11.97,11.97,Netherlands,Computer
1421,Male,6/28/2019,17639158,58,3,74.55,223.65,United States,Mobile
5428,Male,6/29/2019,51885284,90,1,21.51,21.51,Indonesia,Computer
6078,Male,6/30/2019,38187491,97,1,56.74,56.74,Japan,Computer
9690,Male,07-01-2019,60725376,65,2,38.95,77.9,Australia,Computer
9068,Female,07-01-2019,99485981,55,2,73.53,147.06,Thailand,Computer
9469,Female,07-02-2019,80575460,80,3,77.64,232.92,China,Mobile
6786,Female,07-03-2019,34916024,65,3,38.95,116.85,Japan,Computer
2722,Male,07-03-2019,49511043,1,3,81.91,245.73,Russia,Computer
7951,Male,07-03-2019,39272274,90,2,21.51,43.02,Canada,Mobile
8432,Female,07-04-2019,30299716,83,2,1.22,2.44,Vietnam,Computer
6228,Female,07-05-2019,22116936,35,2,78.78,157.56,Switzerland,Computer
1376,Male,07-05-2019,91548135,27,3,72.93,218.79,China,Computer
2651,Male,07-05-2019,49000923,37,3,11.5,34.5,United States,Mobile
9917,Male,07-06-2019,48488186,48,2,31.26,62.52,United Kingdom,Computer
6374,Male,07-07-2019,96706827,31,2,43.5,87,China,Computer
3868,Male,07-07-2019,62354184,46,3,9.88,29.64,China,Computer
1361,Male,07-08-2019,85299368,67,1,17.22,17.22,Canada,Mobile
5744,Male,07-09-2019,89168167,76,1,76.67,76.67,Australia,Computer
9260,Female,07-09-2019,91242131,84,1,32.88,32.88,Japan,Computer
9441,Male,07-10-2019,73968893,77,2,20.4,40.8,Mexico,Computer
5503,Male,07-10-2019,44326852,62,1,81.46,81.46,United States,Mobile
1901,Female,07-11-2019,83789168,81,3,52.96,158.88,Russia,Computer
4504,Male,07-12-2019,16949679,60,3,91.28,273.84,Italy,Computer
5823,Male,07-12-2019,33033509,78,3,19.66,58.98,Mexico,Computer
9027,Male,7/13/2019,40887410,90,2,21.51,43.02,Australia,Computer
3489,Male,7/13/2019,83216116,18,2,1.97,3.94,Netherlands,Computer
4977,Male,7/14/2019,70612101,31,1,43.5,43.5,United Kingdom,Computer
5462,Male,7/15/2019,93384754,84,2,32.88,65.76,Netherlands,Computer
2913,Male,7/15/2019,47457036,89,2,37.61,75.22,Nigeria,Mobile
8393,Male,7/16/2019,90888815,8,1,67.18,67.18,Germany,Mobile
7569,Male,7/16/2019,29778870,71,3,57.53,172.59,United States,Computer
9189,Male,7/16/2019,87054572,90,2,21.51,43.02,France,Computer
4370,Male,7/17/2019,28746523,39,1,41.61,41.61,United Kingdom,Computer
6826,Male,7/17/2019,65210763,32,1,91.37,91.37,United Kingdom,Computer
3869,Female,7/17/2019,49794888,31,2,43.5,87,India,Computer
9901,Male,7/17/2019,73403794,18,1,1.97,1.97,Japan,Computer
5791,Male,7/18/2019,63424332,54,3,90.78,272.34,Canada,Computer
7777,Male,7/18/2019,94884618,35,2,78.78,157.56,South Korea,Computer
8785,Male,7/19/2019,95845216,94,2,17.63,35.26,Turkey,Computer
6993,Male,7/19/2019,75006132,49,3,99.72,299.16,India,Computer
3557,Female,7/20/2019,69784585,14,3,89.76,269.28,China,Computer
5587,Male,7/20/2019,75268179,44,3,52.78,158.34,United States,Mobile
8784,Female,7/21/2019,82746330,59,1,79.57,79.57,Mexico,Computer
4106,Female,7/21/2019,86488294,47,2,64.64,129.28,Egypt,Computer
5385,Male,7/21/2019,62592861,95,2,50.48,100.96,India,Computer
2167,Female,7/22/2019,74858807,39,1,41.61,41.61,United Kingdom,Computer
1796,Male,7/22/2019,51210147,59,2,79.57,159.14,United States,Computer
4055,Female,7/22/2019,94422375,51,1,50.59,50.59,Philippines,Computer
6418,Female,7/23/2019,67589855,51,3,50.59,151.77,Australia,Mobile
5217,Male,7/23/2019,98119699,19,3,13.2,39.6,Spain,Computer
5191,Female,7/24/2019,34660191,63,3,57.12,171.36,Mexico,Computer
6440,Female,7/24/2019,60009863,60,3,91.28,273.84,Italy,Mobile
1438,Male,7/24/2019,24568233,16,1,39.33,39.33,United States,Computer
6360,Male,7/24/2019,89492423,21,3,98.91,296.73,China,Mobile
4253,Female,7/25/2019,21094922,5,2,11.97,23.94,Spain,Mobile
2496,Male,7/26/2019,49767794,66,3,56.01,168.03,Taiwan,Computer
2249,Female,7/26/2019,91413969,55,2,73.53,147.06,South Korea,Computer
9317,Female,7/26/2019,59124791,79,3,33.28,99.84,Germany,Mobile
1240,Male,7/26/2019,44016205,28,1,5.32,5.32,Spain,Computer
3165,Female,7/27/2019,79641455,19,1,13.2,13.2,Mexico,Computer
9120,Male,7/28/2019,41768778,39,3,41.61,124.83,Mexico,Computer
4324,Female,7/28/2019,56987814,26,2,34.43,68.86,Brazil,Computer
7589,Male,7/29/2019,16202508,81,1,52.96,52.96,Mexico,Computer
8584,Male,7/30/2019,15074824,38,1,26.03,26.03,Belgium,Mobile
7858,Male,7/30/2019,25647033,84,1,32.88,32.88,India,Mobile
2505,Male,7/31/2019,25933990,18,2,1.97,3.94,Germany,Computer
9956,Male,7/31/2019,88687629,96,2,36.96,73.92,Taiwan,Computer
6309,Female,08-01-2019,83233856,1,1,81.91,81.91,South Korea,Mobile
4521,Male,08-01-2019,13218583,43,1,30.66,30.66,United States,Computer
9597,Male,08-02-2019,88064439,6,3,8.07,24.21,United States,Computer
3556,Male,08-02-2019,54491937,4,3,32.43,97.29,Australia,Computer
9849,Male,08-02-2019,16542803,66,2,56.01,112.02,United Kingdom,Computer
6150,Female,08-02-2019,68137741,35,2,78.78,157.56,Italy,Mobile
2125,Male,08-02-2019,65848202,31,2,43.5,87,South Korea,Computer
6179,Female,08-03-2019,66001281,10,2,19.34,38.68,United States,Computer
7564,Female,08-04-2019,23599406,73,2,30.57,61.14,United States,Computer
7271,Male,08-05-2019,55360472,71,2,57.53,115.06,Mexico,Computer
2120,Male,08-05-2019,48745999,85,2,68.31,136.62,Philippines,Mobile
9400,Female,08-05-2019,45458822,15,1,6.32,6.32,Japan,Computer
1972,Male,08-05-2019,32243163,38,2,26.03,52.06,Canada,Mobile
7535,Female,08-06-2019,76122380,55,1,73.53,73.53,China,Mobile
4753,Male,08-07-2019,54978391,3,3,97.19,291.57,France,Mobile
4433,Male,08-08-2019,85979980,30,2,6.08,12.16,South Korea,Computer
3591,Male,08-09-2019,15441355,33,2,28.56,57.12,France,Computer
2115,Female,08-09-2019,90849411,50,2,50.71,101.42,Japan,Computer
8597,Male,08-10-2019,93711134,79,1,33.28,33.28,India,Computer
1722,Female,08-11-2019,47290421,30,1,6.08,6.08,Canada,Computer
7419,Male,08-11-2019,66228670,82,2,5.82,11.64,Netherlands,Computer
6884,Female,08-11-2019,45606323,30,1,6.08,6.08,Saudi Arabia,Computer
1604,Male,08-12-2019,72627642,42,3,74.77,224.31,United Kingdom,Mobile
7837,Male,8/13/2019,94407154,24,2,99.58,199.16,Germany,Computer
7005,Male,8/14/2019,70019799,76,1,76.67,76.67,China,Mobile
7892,Female,8/14/2019,35094776,94,3,17.63,52.89,France,Computer
7735,Male,8/14/2019,17324879,39,1,41.61,41.61,Australia,Computer
3548,Male,8/14/2019,83550057,68,2,32.68,65.36,Thailand,Computer
3589,Male,8/15/2019,72476629,100,2,98.59,197.18,Netherlands,Computer
1789,Female,8/16/2019,98708438,3,2,97.19,194.38,Russia,Computer
2948,Male,8/16/2019,79190313,18,1,1.97,1.97,South Korea,Computer
9254,Female,8/16/2019,17725092,62,1,81.46,81.46,Russia,Mobile
3415,Male,8/17/2019,87912178,30,3,6.08,18.24,Nigeria,Computer
3526,Male,8/18/2019,90435674,49,2,99.72,199.44,Turkey,Computer
2525,Female,8/18/2019,62574401,54,3,90.78,272.34,Russia,Mobile
4420,Female,8/19/2019,60601801,70,2,63.88,127.76,Russia,Computer
1613,Male,8/19/2019,57244772,25,2,11.29,22.58,China,Computer
6423,Male,8/20/2019,50462815,59,3,79.57,238.71,Russia,Mobile
1651,Male,8/21/2019,80964690,96,2,36.96,73.92,France,Computer
5968,Male,8/21/2019,79111140,55,2,73.53,147.06,Germany,Computer
2939,Male,8/22/2019,16487788,8,3,67.18,201.54,United Kingdom,Mobile
7736,Male,8/23/2019,26392373,98,3,85.04,255.12,France,Computer
7532,Male,8/23/2019,71191464,72,2,3.55,7.1,Switzerland,Computer
4003,Male,8/23/2019,23431277,63,3,57.12,171.36,United States,Mobile
5225,Male,8/23/2019,67660954,18,1,1.97,1.97,Japan,Computer
5791,Male,8/24/2019,65062355,61,2,70.34,140.68,China,Mobile
6196,Female,8/25/2019,62244572,36,1,48.16,48.16,United States,Mobile
7901,Male,8/25/2019,87684546,9,3,73.83,221.49,India,Mobile
7101,Male,8/26/2019,56050418,47,1,64.64,64.64,South Korea,Mobile
5540,Male,8/27/2019,87924093,81,3,52.96,158.88,Belgium,Computer
6869,Male,8/27/2019,80164879,83,3,1.22,3.66,Italy,Mobile
1285,Male,8/28/2019,36395355,78,2,19.66,39.32,United States,Computer
1963,Female,8/28/2019,91442453,19,2,13.2,26.4,India,Computer
6325,Male,8/29/2019,89257238,50,3,50.71,152.13,Germany,Computer
5774,Male,8/29/2019,73762696,49,1,99.72,99.72,Poland,Mobile
2233,Female,8/30/2019,81327450,89,2,37.61,75.22,Switzerland,Computer
2944,Male,8/30/2019,37523955,97,1,56.74,56.74,Thailand,Computer
3666,Female,8/31/2019,62910589,10,2,19.34,38.68,Brazil,Mobile
9601,Male,8/31/2019,84912950,2,2,33.11,66.22,United States,Computer
2071,Male,09-01-2019,89544546,57,3,13.08,39.24,Indonesia,Computer
2146,Female,09-02-2019,86903319,100,1,98.59,98.59,China,Computer
4010,Female,09-02-2019,97098550,65,2,38.95,77.9,Saudi Arabia,Computer
4717,Male,09-03-2019,40237286,23,1,95.72,95.72,United States,Computer
1597,Male,09-04-2019,32416646,57,3,13.08,39.24,France,Computer
2332,Female,09-04-2019,97986351,59,1,79.57,79.57,Taiwan,Computer
5415,Female,09-04-2019,34528717,88,3,40.95,122.85,Spain,Mobile
3060,Male,09-05-2019,73601911,59,2,79.57,159.14,Saudi Arabia,Computer
8028,Male,09-05-2019,17584932,72,1,3.55,3.55,United States,Computer
8244,Female,09-05-2019,44795568,20,3,81.89,245.67,China,Computer
6587,Male,09-06-2019,36397138,58,3,74.55,223.65,Germany,Computer
9019,Male,09-07-2019,36379438,70,1,63.88,63.88,South Korea,Mobile
5616,Female,09-07-2019,98036229,21,1,98.91,98.91,Netherlands,Computer
2708,Female,09-08-2019,31022694,82,2,5.82,11.64,Saudi Arabia,Computer
6178,Male,09-08-2019,73062480,8,2,67.18,134.36,South Korea,Computer
7398,Male,09-09-2019,53549331,18,3,1.97,5.91,Russia,Mobile
9383,Male,09-09-2019,83449909,70,2,63.88,127.76,India,Mobile
3144,Male,09-10-2019,77246104,8,1,67.18,67.18,Brazil,Mobile
6126,Male,09-11-2019,80680067,92,2,58.5,117,United Kingdom,Computer
5637,Male,09-12-2019,96721649,21,3,98.91,296.73,Japan,Mobile
8445,Female,9/13/2019,88779015,92,2,58.5,117,Canada,Computer
9085,Female,9/13/2019,23859131,85,2,68.31,136.62,United States,Mobile
4716,Male,9/14/2019,45179100,42,2,74.77,149.54,South Korea,Computer
8067,Male,9/14/2019,53491333,68,3,32.68,98.04,Germany,Computer
6088,Male,9/14/2019,88067064,49,2,99.72,199.44,Taiwan,Computer
1268,Female,9/15/2019,29865252,52,3,20.15,60.45,Russia,Computer
7933,Male,9/15/2019,31381629,54,3,90.78,272.34,United Kingdom,Computer
3990,Female,9/16/2019,62224306,20,1,81.89,81.89,United States,Mobile
1948,Female,9/17/2019,77443181,69,3,96.47,289.41,India,Computer
7344,Male,9/17/2019,57643004,2,1,33.11,33.11,Poland,Computer
8614,Male,9/18/2019,85862594,47,2,64.64,129.28,China,Computer
8491,Male,9/18/2019,66382291,88,1,40.95,40.95,United Kingdom,Computer
3063,Female,9/19/2019,44513447,45,3,3.67,11.01,Mexico,Computer
1298,Female,9/19/2019,59140572,48,3,31.26,93.78,France,Computer
8974,Male,9/20/2019,91767654,42,3,74.77,224.31,Netherlands,Computer
8563,Male,9/20/2019,40220386,41,3,32.33,96.99,United States,Computer
5963,Male,9/21/2019,62440654,34,3,48.24,144.72,United States,Computer
4382,Female,9/22/2019,52443727,6,2,8.07,16.14,Japan,Computer
3277,Female,9/22/2019,18561094,74,2,33.51,67.02,Belgium,Computer
1742,Female,9/22/2019,56246775,91,2,67.48,134.96,Germany,Computer
9774,Male,9/23/2019,12878855,27,2,72.93,145.86,Mexico,Computer
9984,Male,9/23/2019,79270658,14,3,89.76,269.28,Japan,Computer
6250,Male,9/23/2019,28305194,30,1,6.08,6.08,India,Mobile
4337,Male,9/24/2019,90342293,9,1,73.83,73.83,Italy,Computer
3812,Female,9/24/2019,12368870,32,1,91.37,91.37,Japan,Mobile
6886,Female,9/25/2019,71328775,43,3,30.66,91.98,Turkey,Computer
3892,Male,9/26/2019,70480411,50,1,50.71,50.71,Indonesia,Computer
6385,Male,9/26/2019,96423136,10,2,19.34,38.68,India,Computer
2106,Male,9/27/2019,31459950,69,3,96.47,289.41,France,Computer
4426,Female,9/28/2019,24183250,83,1,1.22,1.22,Egypt,Computer
3872,Male,9/28/2019,37523494,32,1,91.37,91.37,Netherlands,Computer
5289,Male,9/29/2019,41928922,82,3,5.82,17.46,Netherlands,Mobile
8633,Female,9/29/2019,35846956,43,1,30.66,30.66,France,Mobile
1979,Male,9/29/2019,72147921,22,3,41.48,124.44,Argentina,Mobile
3598,Female,9/30/2019,12027949,65,3,38.95,116.85,South Korea,Computer
1138,Male,9/30/2019,46534174,93,2,67.46,134.92,United Kingdom,Computer
4417,Male,10-01-2019,35960707,32,3,91.37,274.11,Saudi Arabia,Mobile
5895,Male,10-01-2019,96727796,69,3,96.47,289.41,Spain,Computer
3723,Female,10-02-2019,87280445,92,1,58.5,58.5,China,Computer
1786,Male,10-02-2019,89638864,79,1,33.28,33.28,Turkey,Computer
5830,Female,10-03-2019,83505716,31,1,43.5,43.5,South Korea,Mobile
3705,Male,10-03-2019,72680298,26,3,34.43,103.29,India,Computer
5400,Male,10-04-2019,14908590,17,3,18.86,56.58,United Kingdom,Computer
3002,Female,10-05-2019,11999495,76,3,76.67,230.01,United Kingdom,Computer
6998,Male,10-05-2019,38889923,12,1,86.11,86.11,Canada,Mobile
8000,Female,10-06-2019,15580094,55,2,73.53,147.06,Turkey,Computer
1396,Female,10-06-2019,48980351,99,1,36.83,36.83,United States,Computer
6332,Male,10-07-2019,91682453,62,3,81.46,244.38,South Korea,Mobile
5220,Male,10-07-2019,66256700,11,1,4.31,4.31,Canada,Computer
5429,Female,10-08-2019,18438891,70,3,63.88,191.64,Canada,Mobile
7170,Male,10-09-2019,18201552,49,2,99.72,199.44,United Kingdom,Mobile
2038,Male,10-10-2019,36430932,98,2,85.04,170.08,Italy,Mobile
7505,Male,10-10-2019,95423474,99,2,36.83,73.66,Netherlands,Computer
1846,Female,10-10-2019,17462899,68,2,32.68,65.36,United States,Computer
9222,Male,10-11-2019,47272527,79,3,33.28,99.84,Switzerland,Mobile
9099,Male,10-11-2019,98897874,53,2,7.51,15.02,Italy,Computer
8348,Male,10-11-2019,85838620,48,1,31.26,31.26,France,Computer
7675,Female,10-12-2019,69640684,10,2,19.34,38.68,China,Computer
5848,Male,10-12-2019,23130509,33,3,28.56,85.68,Turkey,Computer
8962,Male,10/13/2019,68803778,20,2,81.89,163.78,Spain,Computer
2979,Male,10/13/2019,29277128,38,1,26.03,26.03,Italy,Mobile
5779,Male,10/14/2019,13654108,62,1,81.46,81.46,Japan,Mobile
3011,Male,10/15/2019,55129277,100,3,98.59,295.77,Thailand,Mobile
9863,Male,10/15/2019,79720689,75,2,32.34,64.68,Russia,Mobile
1750,Male,10/16/2019,64559366,67,3,17.22,51.66,Japan,Computer
2693,Female,10/16/2019,19287453,86,3,93.47,280.41,Saudi Arabia,Computer
7055,Female,10/17/2019,98581685,33,2,28.56,57.12,Taiwan,Computer
7490,Female,10/17/2019,78108122,81,2,52.96,105.92,United Kingdom,Computer
8054,Female,10/18/2019,85081229,34,2,48.24,96.48,South Korea,Computer
5690,Male,10/19/2019,76439713,26,1,34.43,34.43,India,Computer
5344,Male,10/20/2019,30268234,79,1,33.28,33.28,United Kingdom,Computer
4292,Male,10/20/2019,21621583,16,1,39.33,39.33,Turkey,Computer
6335,Female,10/21/2019,15801408,51,1,50.59,50.59,Japan,Mobile
3339,Male,10/21/2019,49362367,41,3,32.33,96.99,South Korea,Computer
9245,Female,10/22/2019,55742715,33,1,28.56,28.56,China,Computer
5435,Male,10/22/2019,88470080,59,2,79.57,159.14,United States,Mobile
7224,Female,10/22/2019,57459168,46,2,9.88,19.76,India,Mobile
7228,Male,10/23/2019,39450766,86,2,93.47,186.94,United States,Computer
8224,Male,10/23/2019,81127504,42,1,74.77,74.77,Canada,Computer
5729,Female,10/23/2019,19376652,15,2,6.32,12.64,Japan,Computer
1285,Male,10/23/2019,58248945,55,2,73.53,147.06,Poland,Computer
8864,Female,10/24/2019,42355535,93,2,67.46,134.92,Mexico,Computer
9124,Female,10/24/2019,92084739,57,1,13.08,13.08,China,Computer
7121,Male,10/25/2019,12451735,78,2,19.66,39.32,United Kingdom,Computer
5380,Female,10/25/2019,76788380,28,2,5.32,10.64,Australia,Computer
5030,Male,10/25/2019,29612783,36,3,48.16,144.48,France,Computer
4024,Male,10/26/2019,77666861,38,2,26.03,52.06,Germany,Computer
9526,Male,10/26/2019,37377429,94,2,17.63,35.26,France,Mobile
2613,Female,10/26/2019,49168822,36,3,48.16,144.48,Taiwan,Computer
6723,Female,10/27/2019,13798702,72,2,3.55,7.1,France,Computer
5204,Male,10/27/2019,40673926,61,2,70.34,140.68,South Korea,Computer
3049,Male,10/28/2019,55718322,65,2,38.95,77.9,Saudi Arabia,Computer
9757,Male,10/28/2019,47233443,66,3,56.01,168.03,South Korea,Computer
9363,Male,10/29/2019,82471076,68,3,32.68,98.04,South Korea,Computer
5823,Male,10/29/2019,84293576,55,1,73.53,73.53,China,Computer
3884,Male,10/30/2019,49441734,25,1,11.29,11.29,United Kingdom,Computer
8584,Male,10/31/2019,70646153,76,2,76.67,153.34,Spain,Computer
8642,Female,10/31/2019,90354862,8,2,67.18,134.36,China,Mobile
3139,Female,11-01-2019,31422085,46,3,9.88,29.64,Japan,Mobile
6760,Male,11-01-2019,64961789,74,2,33.51,67.02,United Kingdom,Computer
8211,Female,11-01-2019,17170886,13,2,41.29,82.58,Netherlands,Computer
4116,Male,11-02-2019,98565321,60,2,91.28,182.56,France,Mobile
1578,Female,11-02-2019,21676964,45,3,3.67,11.01,United Kingdom,Computer
8946,Male,11-03-2019,50732696,69,2,96.47,192.94,Netherlands,Computer
8414,Male,11-04-2019,35746627,62,2,81.46,162.92,Netherlands,Computer
4809,Female,11-05-2019,30941582,15,3,6.32,18.96,Switzerland,Computer
3498,Male,11-05-2019,80951477,64,3,35.23,105.69,Mexico,Mobile
2933,Female,11-05-2019,32248683,61,2,70.34,140.68,United Kingdom,Mobile
1875,Male,11-05-2019,71472670,68,2,32.68,65.36,Italy,Computer
8073,Male,11-06-2019,88475469,88,3,40.95,122.85,China,Computer
1566,Male,11-06-2019,56868687,49,2,99.72,199.44,Mexico,Computer
4422,Female,11-06-2019,65838179,29,1,1.91,1.91,Canada,Computer
9087,Male,11-07-2019,75926671,65,2,38.95,77.9,Indonesia,Computer
8158,Female,11-07-2019,23054544,83,1,1.22,1.22,Japan,Computer
4902,Female,11-07-2019,88580458,12,3,86.11,258.33,Germany,Computer
6488,Male,11-08-2019,34917618,4,1,32.43,32.43,United Kingdom,Computer
3083,Male,11-09-2019,90071788,60,1,91.28,91.28,Japan,Computer
3842,Female,11-10-2019,78136072,31,2,43.5,87,Japan,Mobile
1171,Female,11-11-2019,90834301,84,3,32.88,98.64,Italy,Computer
9316,Male,11-11-2019,75954999,21,2,98.91,197.82,Switzerland,Computer
6809,Male,11-12-2019,76902315,14,2,89.76,179.52,Switzerland,Mobile
3770,Male,11/13/2019,20545352,5,1,11.97,11.97,India,Computer
2699,Female,11/13/2019,73699636,99,3,36.83,110.49,Netherlands,Computer
7084,Female,11/14/2019,85708276,86,3,93.47,280.41,Germany,Mobile
8660,Male,11/15/2019,64115092,58,2,74.55,149.1,Netherlands,Computer
4390,Male,11/16/2019,53717028,14,1,89.76,89.76,United States,Mobile
2533,Male,11/16/2019,29400888,62,2,81.46,162.92,United Kingdom,Computer
3537,Male,11/17/2019,14009042,74,3,33.51,100.53,Turkey,Computer
7979,Female,11/17/2019,17881112,58,1,74.55,74.55,Iran,Computer
9300,Female,11/18/2019,34624081,56,2,87.34,174.68,Nigeria,Computer
1737,Male,11/19/2019,68611770,5,1,11.97,11.97,Germany,Mobile
1704,Female,11/19/2019,93850501,34,2,48.24,96.48,Australia,Computer
9282,Male,11/20/2019,98253335,10,2,19.34,38.68,Belgium,Computer
7603,Male,11/21/2019,19589646,55,1,73.53,73.53,United States,Computer
4169,Male,11/21/2019,82105277,73,3,30.57,91.71,Mexico,Mobile
7828,Male,11/22/2019,80084430,19,3,13.2,39.6,United Kingdom,Computer
9957,Male,11/22/2019,43603238,57,2,13.08,26.16,India,Computer
7462,Male,11/22/2019,16330176,78,1,19.66,19.66,United States,Computer
4691,Male,11/23/2019,88076618,64,2,35.23,70.46,Japan,Mobile
1123,Male,11/23/2019,49066683,4,3,32.43,97.29,France,Computer
6318,Male,11/23/2019,21922188,65,3,38.95,116.85,Italy,Computer
8816,Female,11/24/2019,86832507,37,1,11.5,11.5,United Kingdom,Computer
7293,Female,11/25/2019,87960526,19,2,13.2,26.4,Spain,Computer
1237,Male,11/25/2019,78984417,26,3,34.43,103.29,France,Computer
9698,Female,11/25/2019,34755035,49,3,99.72,299.16,Spain,Computer
4447,Male,11/25/2019,34713746,32,2,91.37,182.74,Italy,Computer
7559,Male,11/26/2019,14985230,100,1,98.59,98.59,Japan,Computer
2146,Female,11/26/2019,89096761,49,2,99.72,199.44,Nigeria,Computer
6627,Male,11/27/2019,85372293,21,2,98.91,197.82,Japan,Mobile
7750,Male,11/28/2019,58475796,5,2,11.97,23.94,Canada,Computer
6794,Male,11/28/2019,56748125,26,1,34.43,34.43,Italy,Computer
7184,Male,11/28/2019,87742788,44,3,52.78,158.34,United Kingdom,Computer
1857,Male,11/29/2019,96994795,19,2,13.2,26.4,Australia,Computer
9527,Female,11/29/2019,47110575,17,2,18.86,37.72,India,Computer
7781,Male,11/30/2019,64652689,82,2,5.82,11.64,Vietnam,Computer
3031,Female,11/30/2019,50539934,7,1,59.68,59.68,Vietnam,Mobile
5616,Female,12-01-2019,80737413,38,1,26.03,26.03,Vietnam,Computer
1272,Male,12-01-2019,64223710,96,3,36.96,110.88,Germany,Computer
2902,Female,12-01-2019,93618744,94,2,17.63,35.26,China,Computer
4973,Female,12-02-2019,86339032,96,2,36.96,73.92,South Korea,Computer
4968,Male,12-03-2019,62064053,83,2,1.22,2.44,Japan,Computer
2770,Male,12-04-2019,78511442,1,2,81.91,163.82,Mexico,Computer
8133,Male,12-04-2019,99545698,23,1,95.72,95.72,Russia,Computer
8372,Male,12-05-2019,19175480,74,1,33.51,33.51,Switzerland,Computer
7954,Male,12-05-2019,65398414,25,3,11.29,33.87,Russia,Computer
2120,Male,12-05-2019,95058720,12,2,86.11,172.22,Germany,Computer
8256,Male,12-06-2019,27867437,57,1,13.08,13.08,Netherlands,Computer
2894,Female,12-07-2019,48489170,57,2,13.08,26.16,South Korea,Computer
3175,Male,12-08-2019,72581130,9,1,73.83,73.83,Spain,Computer
5908,Male,12-08-2019,38440739,27,2,72.93,145.86,Canada,Mobile
8378,Male,12-09-2019,94867064,33,2,28.56,57.12,South Korea,Computer
2640,Female,12-10-2019,47849186,58,3,74.55,223.65,India,Computer
7059,Female,12-10-2019,13327595,8,2,67.18,134.36,Brazil,Computer
8883,Female,12-11-2019,48245541,97,1,56.74,56.74,Italy,Computer
9387,Male,12-11-2019,64893604,74,1,33.51,33.51,Germany,Computer
9938,Male,12-11-2019,26117328,31,2,43.5,87,China,Computer
3518,Male,12-12-2019,11345964,91,3,67.48,202.44,Japan,Computer
9046,Male,12-12-2019,79033953,23,1,95.72,95.72,Australia,Computer
9625,Male,12-12-2019,95800192,53,1,7.51,7.51,Canada,Mobile
7574,Male,12/13/2019,23279344,20,1,81.89,81.89,France,Computer
9228,Male,12/13/2019,95188261,13,3,41.29,123.87,United States,Mobile
4205,Female,12/13/2019,98359973,66,3,56.01,168.03,Spain,Mobile
1359,Male,12/14/2019,25658226,30,2,6.08,12.16,Russia,Computer
8733,Male,12/14/2019,80405572,50,3,50.71,152.13,United States,Mobile
1735,Female,12/15/2019,49980346,6,3,8.07,24.21,Brazil,Mobile
5464,Male,12/15/2019,81306791,14,3,89.76,269.28,Italy,Computer
7571,Male,12/15/2019,74681326,82,2,5.82,11.64,India,Mobile
5573,Male,12/16/2019,81531412,4,2,32.43,64.86,Switzerland,Computer
4212,Female,12/17/2019,23119497,25,3,11.29,33.87,Germany,Computer
7293,Female,12/17/2019,75080677,13,3,41.29,123.87,Spain,Mobile
8137,Male,12/18/2019,51549645,27,3,72.93,218.79,Australia,Computer
9463,Male,12/18/2019,55548033,95,3,50.48,151.44,Italy,Computer
4502,Male,12/19/2019,67057353,4,3,32.43,97.29,South Korea,Computer
6141,Male,12/20/2019,99356144,63,1,57.12,57.12,Egypt,Computer
8921,Male,12/20/2019,40768713,88,3,40.95,122.85,Japan,Mobile
6891,Male,12/21/2019,57176514,14,1,89.76,89.76,France,Computer
9566,Male,12/21/2019,66378786,24,3,99.58,298.74,China,Computer
8985,Female,12/22/2019,63998869,79,1,33.28,33.28,Mexico,Mobile
9972,Female,12/22/2019,38839897,77,1,20.4,20.4,Germany,Computer
2531,Male,12/23/2019,82856739,13,1,41.29,41.29,Mexico,Mobile
4781,Female,12/23/2019,72038075,65,2,38.95,77.9,Philippines,Computer
5653,Male,12/23/2019,41679559,38,2,26.03,52.06,Germany,Computer
9882,Male,12/24/2019,38906226,9,2,73.83,147.66,Switzerland,Mobile
5444,Female,12/24/2019,71758884,48,1,31.26,31.26,United Kingdom,Mobile
8036,Male,12/24/2019,71267793,10,2,19.34,38.68,United States,Computer
3790,Male,12/25/2019,25888666,3,3,97.19,291.57,Netherlands,Computer
9347,Female,12/25/2019,51451048,68,2,32.68,65.36,Switzerland,Mobile
8622,Male,12/26/2019,58527179,17,2,18.86,37.72,Brazil,Computer
7086,Male,12/26/2019,53463408,23,2,95.72,191.44,Japan,Computer
6467,Female,12/27/2019,29560134,54,2,90.78,181.56,South Korea,Mobile
8348,Male,12/27/2019,35927505,76,3,76.67,230.01,United States,Computer
8864,Female,12/27/2019,44424757,37,1,11.5,11.5,Nigeria,Computer
7590,Male,12/28/2019,31255092,72,3,3.55,10.65,Netherlands,Mobile
4967,Male,12/28/2019,43801349,98,2,85.04,170.08,Russia,Mobile
1755,Male,12/28/2019,19221636,12,2,86.11,172.22,United States,Mobile
2933,Female,12/29/2019,30266440,86,1,93.47,93.47,Vietnam,Computer
4378,Male,12/30/2019,37148475,74,2,33.51,67.02,Brazil,Computer
5772,Male,12/30/2019,65681688,36,3,48.16,144.48,Brazil,Computer
2352,Male,12/31/2019,68621360,31,2,43.5,87,France,Mobile
5874,Female,12/31/2019,24010655,12,2,86.11,172.22,United States,Mobile
8604,Female,01-01-2020,69683975,49,1,99.72,99.72,Spain,Computer
2828,Male,01-02-2020,27661298,35,3,78.78,236.34,South Korea,Computer
1211,Male,01-02-2020,46405395,56,1,87.34,87.34,France,Computer
6110,Female,01-02-2020,61210524,85,1,68.31,68.31,Vietnam,Computer
9709,Female,01-02-2020,89290761,44,3,52.78,158.34,China,Mobile
7043,Female,01-03-2020,11315383,29,1,1.91,1.91,France,Computer
3229,Male,01-04-2020,64826255,56,3,87.34,262.02,Poland,Computer
1670,Male,01-04-2020,83051527,7,3,59.68,179.04,Turkey,Computer
3276,Female,01-04-2020,95716379,55,2,73.53,147.06,Spain,Computer
6134,Male,01-04-2020,56818602,39,1,41.61,41.61,Poland,Computer
8939,Female,01-05-2020,58457898,59,3,79.57,238.71,Belgium,Mobile
8958,Male,01-06-2020,91779378,80,2,77.64,155.28,China,Computer
2737,Male,01-06-2020,67544836,2,3,33.11,99.33,Mexico,Computer
1819,Male,01-07-2020,58308257,23,1,95.72,95.72,Germany,Computer
2955,Male,01-07-2020,65119561,72,3,3.55,10.65,United Kingdom,Mobile
9411,Female,01-08-2020,68265947,60,2,91.28,182.56,Brazil,Computer
7696,Female,01-09-2020,48524538,79,3,33.28,99.84,Spain,Computer
2532,Female,01-09-2020,31143610,75,1,32.34,32.34,United States,Computer
7749,Male,01-09-2020,25695737,65,2,38.95,77.9,Russia,Mobile
8727,Male,01-10-2020,52397293,51,2,50.59,101.18,Australia,Computer
1396,Female,01-10-2020,12919830,69,3,96.47,289.41,Canada,Computer
7141,Male,01-11-2020,26827684,67,1,17.22,17.22,United Kingdom,Computer
5352,Male,01-11-2020,32590331,17,1,18.86,18.86,Canada,Mobile
6540,Male,01-11-2020,23155392,33,2,28.56,57.12,Germany,Mobile
6177,Male,01-12-2020,56911433,57,2,13.08,26.16,Mexico,Mobile
9147,Female,01-12-2020,98908013,89,1,37.61,37.61,France,Computer
3271,Female,1/13/2020,24111980,28,1,5.32,5.32,Japan,Computer
7652,Female,1/13/2020,23947474,3,1,97.19,97.19,Brazil,Computer
5924,Female,1/13/2020,77710606,57,2,13.08,26.16,Mexico,Computer
8709,Male,1/13/2020,38188975,21,3,98.91,296.73,India,Computer
4807,Male,1/13/2020,47853262,76,1,76.67,76.67,United States,Computer
3948,Female,1/14/2020,11820860,91,1,67.48,67.48,Indonesia,Computer
2351,Male,1/14/2020,37240982,39,3,41.61,124.83,South Korea,Computer
5882,Male,1/15/2020,20881299,86,2,93.47,186.94,France,Mobile
3619,Male,1/16/2020,25405689,32,2,91.37,182.74,Italy,Computer
6448,Female,1/17/2020,30281984,65,3,38.95,116.85,Indonesia,Computer
9305,Male,1/17/2020,85307768,17,3,18.86,56.58,Italy,Mobile
9435,Male,1/18/2020,42826204,1,1,81.91,81.91,Japan,Computer
1752,Male,1/18/2020,96086708,60,3,91.28,273.84,Japan,Mobile
3060,Male,1/19/2020,60490133,33,2,28.56,57.12,India,Mobile
8593,Female,1/19/2020,58485741,58,2,74.55,149.1,South Korea,Mobile
5313,Female,1/19/2020,70571956,30,3,6.08,18.24,United Kingdom,Computer
3989,Male,1/20/2020,25887932,23,3,95.72,287.16,Germany,Mobile
3876,Female,1/20/2020,77042054,46,2,9.88,19.76,South Korea,Mobile
4063,Male,1/21/2020,47139725,56,2,87.34,174.68,Mexico,Computer
3407,Male,1/21/2020,14487138,34,3,48.24,144.72,Indonesia,Computer
4275,Female,1/22/2020,84758200,89,3,37.61,112.83,Vietnam,Computer
6260,Male,1/23/2020,92763917,3,2,97.19,194.38,United States,Mobile
1766,Male,1/23/2020,21179177,77,1,20.4,20.4,United States,Computer
5526,Female,1/24/2020,46690610,77,3,20.4,61.2,France,Computer
8373,Male,1/24/2020,30791999,51,2,50.59,101.18,Mexico,Computer
7893,Male,1/24/2020,74949408,31,1,43.5,43.5,United Kingdom,Computer
7293,Female,1/25/2020,82722071,76,1,76.67,76.67,India,Computer
1892,Male,1/25/2020,52854877,14,2,89.76,179.52,Mexico,Mobile
9157,Female,1/26/2020,98855532,18,1,1.97,1.97,United States,Mobile
9179,Male,1/27/2020,93252957,12,1,86.11,86.11,Spain,Computer
2852,Male,1/27/2020,75685424,98,3,85.04,255.12,India,Mobile
6459,Female,1/27/2020,63280940,24,3,99.58,298.74,Nigeria,Mobile
3260,Female,1/28/2020,36599957,34,2,48.24,96.48,United Kingdom,Computer
6199,Female,1/28/2020,43072984,4,2,32.43,64.86,Germany,Mobile
1473,Female,1/29/2020,36549340,15,3,6.32,18.96,Canada,Computer
9899,Female,1/29/2020,32172893,46,1,9.88,9.88,Japan,Computer
5197,Male,1/30/2020,76386674,69,1,96.47,96.47,France,Computer
5743,Male,1/30/2020,52066499,97,1,56.74,56.74,India,Mobile
7156,Male,1/30/2020,85757632,52,3,20.15,60.45,Spain,Computer
5571,Female,1/31/2020,19804640,50,2,50.71,101.42,India,Mobile
7947,Male,02-01-2020,80650300,14,1,89.76,89.76,Brazil,Computer
9653,Male,02-01-2020,53503593,81,1,52.96,52.96,United Kingdom,Mobile
4017,Male,02-02-2020,82228841,50,1,50.71,50.71,Turkey,Mobile
1420,Female,02-03-2020,67958939,85,2,68.31,136.62,United States,Mobile
2141,Female,02-04-2020,25750243,21,3,98.91,296.73,Australia,Computer
1709,Female,02-05-2020,59676692,6,1,8.07,8.07,Vietnam,Computer
1712,Male,02-06-2020,62842902,18,3,1.97,5.91,Japan,Computer
9627,Male,02-06-2020,25895875,98,1,85.04,85.04,Brazil,Mobile
3000,Male,02-06-2020,93606699,56,3,87.34,262.02,India,Computer
8061,Male,02-06-2020,65301787,65,3,38.95,116.85,Turkey,Computer
1367,Male,02-07-2020,83733642,1,3,81.91,245.73,Canada,Computer
8602,Male,02-07-2020,16677610,66,1,56.01,56.01,Japan,Computer
6286,Male,02-07-2020,74390571,3,2,97.19,194.38,China,Computer
3114,Male,02-08-2020,83443626,84,2,32.88,65.76,Saudi Arabia,Computer
9708,Female,02-09-2020,51384708,42,3,74.77,224.31,United States,Computer
4550,Female,02-10-2020,25536737,63,2,57.12,114.24,United Kingdom,Mobile
2243,Male,02-10-2020,88450964,36,2,48.16,96.32,United States,Computer
7878,Male,02-10-2020,81629631,97,3,56.74,170.22,United States,Computer
4968,Male,02-11-2020,92307469,6,1,8.07,8.07,Italy,Computer
1393,Female,02-12-2020,95554002,33,3,28.56,85.68,Australia,Computer
4804,Female,2/13/2020,24806480,63,2,57.12,114.24,United States,Computer
8697,Female,2/13/2020,28062163,38,1,26.03,26.03,United Kingdom,Mobile
7024,Male,2/13/2020,68125873,4,1,32.43,32.43,China,Computer
2022,Female,2/14/2020,98334800,64,3,35.23,105.69,Spain,Mobile
4851,Female,2/14/2020,59651413,93,2,67.46,134.92,Germany,Computer
9375,Female,2/15/2020,58312516,82,3,5.82,17.46,India,Computer
2285,Male,2/15/2020,28777531,85,3,68.31,204.93,Australia,Computer
7294,Male,2/16/2020,58634094,33,1,28.56,28.56,China,Computer
6779,Male,2/17/2020,30216152,43,1,30.66,30.66,Mexico,Computer
6855,Female,2/18/2020,36159420,95,2,50.48,100.96,Russia,Computer
3650,Male,2/18/2020,55909918,12,3,86.11,258.33,Japan,Computer
5314,Male,2/19/2020,64473432,80,3,77.64,232.92,France,Computer
7597,Male,2/19/2020,46237948,51,1,50.59,50.59,Belgium,Computer
8675,Male,2/19/2020,45222917,71,2,57.53,115.06,Mexico,Computer
9238,Male,2/20/2020,60590595,73,1,30.57,30.57,Netherlands,Mobile
8724,Female,2/20/2020,70274484,91,2,67.48,134.96,Russia,Computer
9460,Male,2/20/2020,11682558,84,1,32.88,32.88,Italy,Computer
5868,Male,2/20/2020,77233335,81,3,52.96,158.88,China,Computer
3105,Male,2/21/2020,51197958,36,3,48.16,144.48,Indonesia,Computer
8031,Female,2/22/2020,24232386,46,1,9.88,9.88,Switzerland,Computer
6588,Male,2/22/2020,96682689,90,1,21.51,21.51,South Korea,Mobile
8963,Male,2/23/2020,17027812,65,3,38.95,116.85,Italy,Computer
2281,Male,2/23/2020,44348277,35,1,78.78,78.78,Turkey,Computer
8079,Female,2/24/2020,28563829,38,1,26.03,26.03,South Korea,Computer
4263,Female,2/25/2020,60744099,14,3,89.76,269.28,China,Computer
1961,Female,2/26/2020,37607649,44,3,52.78,158.34,Germany,Computer
2043,Male,2/26/2020,66376662,92,3,58.5,175.5,United States,Computer
9631,Male,2/27/2020,61343926,4,1,32.43,32.43,India,Computer
6978,Male,2/28/2020,12605888,47,3,64.64,193.92,Belgium,Computer
6110,Female,2/28/2020,60697833,47,2,64.64,129.28,Japan,Computer
4164,Male,2/28/2020,39044979,23,3,95.72,287.16,France,Mobile
4129,Male,2/29/2020,38853293,25,1,11.29,11.29,Canada,Mobile
1891,Female,03-01-2020,40885681,80,1,77.64,77.64,Belgium,Mobile
5663,Female,03-01-2020,78095068,7,2,59.68,119.36,Netherlands,Mobile
9610,Female,03-02-2020,13367408,87,1,50.56,50.56,Germany,Computer
6698,Male,03-02-2020,24553884,37,2,11.5,23,India,Computer
4857,Male,03-02-2020,60344073,3,3,97.19,291.57,Germany,Computer
5191,Female,03-03-2020,75553272,83,3,1.22,3.66,United States,Mobile
3382,Male,03-04-2020,32757276,61,1,70.34,70.34,United Kingdom,Computer
8694,Male,03-04-2020,31937896,36,1,48.16,48.16,Vietnam,Computer
1180,Female,03-04-2020,92026202,100,1,98.59,98.59,Germany,Mobile
9227,Female,03-04-2020,25631234,69,2,96.47,192.94,Argentina,Computer
5702,Female,03-05-2020,87692577,49,1,99.72,99.72,France,Computer
6205,Male,03-06-2020,46524612,74,3,33.51,100.53,Japan,Computer
1578,Female,03-06-2020,56855419,14,2,89.76,179.52,United States,Computer
3866,Male,03-06-2020,50761927,49,1,99.72,99.72,United States,Computer
3016,Male,03-07-2020,97676232,56,2,87.34,174.68,Australia,Computer
6071,Male,03-07-2020,19657739,54,1,90.78,90.78,India,Computer
7668,Male,03-08-2020,44180771,15,1,6.32,6.32,Brazil,Computer
5650,Female,03-08-2020,91174610,62,1,81.46,81.46,India,Computer
3427,Female,03-09-2020,82120138,60,1,91.28,91.28,Netherlands,Computer
2869,Male,03-10-2020,32651316,21,2,98.91,197.82,United States,Mobile
7120,Male,03-10-2020,31420229,75,2,32.34,64.68,South Korea,Computer
2974,Male,03-11-2020,41486838,53,1,7.51,7.51,United States,Computer
7432,Male,03-11-2020,13488361,42,3,74.77,224.31,Japan,Computer
7068,Female,03-12-2020,93215640,58,3,74.55,223.65,Japan,Mobile
9038,Male,3/13/2020,30619706,65,2,38.95,77.9,Australia,Mobile
9009,Male,3/13/2020,45193111,11,3,4.31,12.93,Germany,Mobile
9680,Male,3/14/2020,71832840,26,2,34.43,68.86,Nigeria,Computer
4391,Male,3/15/2020,80562205,58,3,74.55,223.65,Indonesia,Computer
8684,Male,3/16/2020,12588053,32,2,91.37,182.74,Philippines,Computer
9670,Female,3/16/2020,59211350,89,1,37.61,37.61,United States,Mobile
7882,Male,3/16/2020,84327477,62,3,81.46,244.38,Germany,Computer
9317,Female,3/17/2020,35729237,27,1,72.93,72.93,India,Computer
7092,Male,3/18/2020,86447035,65,3,38.95,116.85,China,Computer
6906,Female,3/19/2020,97770346,94,1,17.63,17.63,United States,Computer
7603,Male,3/19/2020,61271040,81,1,52.96,52.96,United States,Computer
7129,Female,3/20/2020,81128569,52,2,20.15,40.3,Australia,Computer
1465,Male,3/21/2020,27677967,87,1,50.56,50.56,South Korea,Mobile
7226,Female,3/21/2020,99095410,28,2,5.32,10.64,United States,Computer
9828,Female,3/22/2020,40109801,100,1,98.59,98.59,Turkey,Computer
8047,Male,3/22/2020,41805272,33,1,28.56,28.56,China,Computer
7052,Female,3/22/2020,92243445,87,3,50.56,151.68,India,Computer
4866,Male,3/22/2020,42180823,78,2,19.66,39.32,Spain,Computer
4314,Male,3/23/2020,16231322,41,3,32.33,96.99,Spain,Mobile
9908,Male,3/23/2020,28538589,65,3,38.95,116.85,United Kingdom,Computer
7144,Male,3/24/2020,39814268,16,1,39.33,39.33,Italy,Mobile
7061,Male,3/25/2020,23113723,60,1,91.28,91.28,Brazil,Computer
1238,Male,3/25/2020,97157160,84,2,32.88,65.76,Germany,Mobile
1531,Male,3/25/2020,76511399,19,2,13.2,26.4,China,Computer
2394,Female,3/26/2020,96773798,52,2,20.15,40.3,Japan,Computer
6577,Male,3/27/2020,68882869,4,3,32.43,97.29,Russia,Computer
3053,Female,3/27/2020,70882942,69,2,96.47,192.94,Indonesia,Mobile
8793,Male,3/27/2020,26328603,58,3,74.55,223.65,Italy,Computer
2155,Male,3/28/2020,84253182,82,1,5.82,5.82,Italy,Mobile
1316,Male,3/29/2020,65692151,85,2,68.31,136.62,Germany,Computer
4939,Male,3/29/2020,73466104,22,1,41.48,41.48,United States,Computer
4107,Male,3/30/2020,90509007,54,1,90.78,90.78,Egypt,Computer
1614,Male,3/30/2020,53262334,95,3,50.48,151.44,Mexico,Computer
1255,Female,3/31/2020,72773778,29,1,1.91,1.91,United Kingdom,Computer
5154,Female,3/31/2020,48979149,99,2,36.83,73.66,United States,Computer
6331,Male,04-01-2020,55271207,79,2,33.28,66.56,Russia,Mobile
7577,Male,04-02-2020,94257526,20,2,81.89,163.78,Italy,Computer
2392,Female,04-02-2020,37948965,41,3,32.33,96.99,Nigeria,Computer
3138,Female,04-02-2020,14600585,33,3,28.56,85.68,Italy,Mobile
7842,Male,04-02-2020,77894157,70,1,63.88,63.88,United States,Computer
1512,Female,04-02-2020,70709142,71,1,57.53,57.53,Mexico,Computer
8235,Male,04-03-2020,69589407,90,2,21.51,43.02,Mexico,Computer
2211,Male,04-04-2020,18716998,9,3,73.83,221.49,South Korea,Computer
5380,Female,04-05-2020,29425526,11,3,4.31,12.93,Taiwan,Computer
9831,Male,04-05-2020,86972288,65,2,38.95,77.9,Spain,Computer
5075,Male,04-06-2020,79714735,19,3,13.2,39.6,Germany,Computer
4417,Male,04-06-2020,75192496,41,2,32.33,64.66,France,Mobile
2132,Male,04-07-2020,45803089,59,2,79.57,159.14,Spain,Computer
8528,Male,04-07-2020,40796296,66,2,56.01,112.02,Egypt,Computer
6843,Male,04-08-2020,29431783,86,2,93.47,186.94,India,Computer
4391,Male,04-08-2020,61830591,7,1,59.68,59.68,Mexico,Computer
9299,Female,04-09-2020,98594263,91,2,67.48,134.96,Saudi Arabia,Computer
2612,Male,04-09-2020,18168829,70,3,63.88,191.64,Canada,Mobile
9193,Female,04-09-2020,98777530,100,2,98.59,197.18,China,Computer
4637,Male,04-10-2020,17548983,20,2,81.89,163.78,France,Computer
3242,Female,04-11-2020,47888147,21,3,98.91,296.73,Japan,Computer
4525,Male,04-12-2020,93921661,77,1,20.4,20.4,Canada,Computer
7338,Female,04-12-2020,97136132,95,3,50.48,151.44,Canada,Computer
7041,Male,4/13/2020,71543935,99,2,36.83,73.66,United States,Computer
8766,Female,4/13/2020,14007349,55,1,73.53,73.53,Turkey,Computer
1512,Female,4/13/2020,52303697,35,3,78.78,236.34,Nigeria,Computer
8565,Male,4/13/2020,18565107,74,3,33.51,100.53,United Kingdom,Computer
7654,Male,4/14/2020,43950376,78,1,19.66,19.66,Egypt,Mobile
5802,Female,4/14/2020,73196469,97,2,56.74,113.48,India,Computer
3914,Male,4/14/2020,85629013,89,3,37.61,112.83,Russia,Computer
6361,Male,4/15/2020,88763766,92,1,58.5,58.5,France,Computer
3039,Male,4/16/2020,32631908,7,2,59.68,119.36,India,Computer
4072,Male,4/16/2020,88123603,38,2,26.03,52.06,United States,Computer
5931,Female,4/16/2020,91708498,65,3,38.95,116.85,Australia,Computer
3602,Female,4/16/2020,58242469,32,1,91.37,91.37,Japan,Mobile
8354,Female,4/17/2020,90071756,99,1,36.83,36.83,Germany,Computer
8523,Male,4/17/2020,91437564,17,2,18.86,37.72,Mexico,Computer
7235,Male,4/18/2020,61129659,100,1,98.59,98.59,Philippines,Mobile
8412,Female,4/18/2020,12348817,33,1,28.56,28.56,Japan,Computer
6410,Female,4/19/2020,51381860,58,2,74.55,149.1,United States,Mobile
1867,Female,4/19/2020,79950923,92,3,58.5,175.5,Poland,Computer
7430,Female,4/20/2020,80969636,52,1,20.15,20.15,Russia,Mobile
3971,Male,4/20/2020,19337793,58,2,74.55,149.1,United States,Computer
3693,Female,4/20/2020,91689162,42,1,74.77,74.77,Germany,Computer
2127,Female,4/20/2020,40159452,52,3,20.15,60.45,Iran,Mobile
2265,Male,4/21/2020,70139195,51,3,50.59,151.77,Egypt,Computer
6653,Male,4/21/2020,16433171,47,1,64.64,64.64,Spain,Computer
5057,Female,4/21/2020,22029087,76,3,76.67,230.01,Russia,Computer
3900,Male,4/22/2020,41683819,57,3,13.08,39.24,Germany,Computer
4003,Male,4/23/2020,39747720,39,1,41.61,41.61,Netherlands,Computer
7335,Male,4/23/2020,90328252,75,1,32.34,32.34,Egypt,Mobile
4367,Male,4/24/2020,35154111,9,1,73.83,73.83,Indonesia,Computer
8606,Female,4/24/2020,56859599,79,3,33.28,99.84,Russia,Mobile
9780,Female,4/25/2020,34835787,27,1,72.93,72.93,United Kingdom,Computer
4189,Male,4/25/2020,35391585,12,3,86.11,258.33,India,Mobile
5686,Female,4/26/2020,35055437,47,1,64.64,64.64,China,Computer
5149,Female,4/27/2020,90919228,88,2,40.95,81.9,Japan,Computer
5718,Male,4/27/2020,16188628,48,2,31.26,62.52,Germany,Mobile
5474,Male,4/27/2020,15433860,93,2,67.46,134.92,Spain,Computer
7681,Male,4/28/2020,91756513,94,2,17.63,35.26,Japan,Mobile
2771,Female,4/29/2020,13714696,70,2,63.88,127.76,Japan,Computer
4076,Female,4/29/2020,82819153,95,2,50.48,100.96,South Korea,Computer
8928,Male,4/29/2020,33822437,79,3,33.28,99.84,Canada,Mobile
8085,Female,4/30/2020,34367220,4,1,32.43,32.43,India,Computer
1132,Female,4/30/2020,56863220,97,3,56.74,170.22,Switzerland,Mobile
8709,Male,05-01-2020,88262684,60,1,91.28,91.28,Japan,Mobile
2328,Female,05-01-2020,64994812,26,3,34.43,103.29,Egypt,Computer
5022,Male,05-02-2020,91893663,13,1,41.29,41.29,Canada,Computer
7096,Male,05-03-2020,19857032,46,2,9.88,19.76,Nigeria,Computer
4751,Female,05-04-2020,64365148,82,2,5.82,11.64,India,Mobile
7452,Male,05-04-2020,89712454,71,1,57.53,57.53,Thailand,Computer
9552,Female,05-05-2020,75433294,96,1,36.96,36.96,United States,Mobile
8991,Female,05-05-2020,81163274,14,2,89.76,179.52,Canada,Mobile
3454,Male,05-05-2020,17466862,28,1,5.32,5.32,Spain,Computer
1556,Male,05-06-2020,13081822,73,2,30.57,61.14,Taiwan,Computer
2878,Female,05-06-2020,96590051,32,1,91.37,91.37,India,Computer
2255,Male,05-07-2020,17789299,32,1,91.37,91.37,Indonesia,Computer
9600,Male,05-07-2020,72785075,65,2,38.95,77.9,United Kingdom,Computer
8603,Male,05-07-2020,35664144,35,2,78.78,157.56,Germany,Mobile
2968,Male,05-08-2020,91869183,40,3,89.85,269.55,Japan,Mobile
5544,Male,05-09-2020,56012993,98,2,85.04,170.08,Australia,Computer
5594,Female,05-09-2020,88772103,14,1,89.76,89.76,Japan,Computer
6096,Male,05-10-2020,68123984,81,3,52.96,158.88,Spain,Computer
8041,Female,05-11-2020,59628682,69,1,96.47,96.47,United States,Computer
7186,Male,05-11-2020,90348999,58,1,74.55,74.55,Japan,Mobile
3445,Female,05-12-2020,66754928,81,1,52.96,52.96,Brazil,Mobile
2482,Male,5/13/2020,61277010,44,1,52.78,52.78,Poland,Mobile
5218,Female,5/13/2020,79121753,24,2,99.58,199.16,China,Computer
4617,Male,5/14/2020,30253367,34,2,48.24,96.48,United Kingdom,Computer
8213,Female,5/15/2020,45639640,3,2,97.19,194.38,Italy,Computer
1202,Male,5/15/2020,56830490,43,3,30.66,91.98,Nigeria,Computer
2140,Male,5/16/2020,58029371,39,2,41.61,83.22,Brazil,Mobile
1650,Female,5/17/2020,12931109,2,2,33.11,66.22,South Korea,Computer
4465,Male,5/17/2020,31601176,69,1,96.47,96.47,Italy,Computer
2466,Male,5/18/2020,39398407,66,1,56.01,56.01,United Kingdom,Mobile
2915,Female,5/19/2020,31836824,78,1,19.66,19.66,United States,Mobile
3615,Male,5/20/2020,22366082,44,1,52.78,52.78,China,Mobile
7444,Male,5/20/2020,99627947,20,1,81.89,81.89,India,Computer
5402,Male,5/20/2020,90659127,88,3,40.95,122.85,Spain,Mobile
1782,Male,5/20/2020,72965206,14,3,89.76,269.28,Brazil,Computer
6661,Male,5/21/2020,71827594,93,1,67.46,67.46,Netherlands,Computer
9455,Female,5/21/2020,54206752,50,2,50.71,101.42,Canada,Computer
6468,Male,5/22/2020,64410748,7,2,59.68,119.36,United Kingdom,Mobile
1202,Male,5/23/2020,27601185,72,1,3.55,3.55,United States,Computer
8596,Female,5/24/2020,73365520,33,3,28.56,85.68,South Korea,Mobile
5605,Male,5/24/2020,41307119,80,2,77.64,155.28,Japan,Computer
9257,Male,5/25/2020,38823615,22,3,41.48,124.44,France,Mobile
9599,Female,5/25/2020,81049774,5,2,11.97,23.94,China,Computer
2110,Male,5/25/2020,38792668,74,3,33.51,100.53,Russia,Computer
2263,Male,5/26/2020,54517090,89,3,37.61,112.83,United States,Computer
8341,Male,5/27/2020,79648343,56,3,87.34,262.02,India,Computer
6863,Male,5/27/2020,17422507,68,3,32.68,98.04,India,Mobile
5234,Male,5/28/2020,43869145,50,3,50.71,152.13,United Kingdom,Computer
1393,Female,5/29/2020,55149032,12,1,86.11,86.11,Germany,Computer
6852,Male,5/29/2020,33582956,56,2,87.34,174.68,Spain,Computer
1657,Female,5/29/2020,66475630,7,2,59.68,119.36,Brazil,Computer
2089,Male,5/29/2020,70498994,37,3,11.5,34.5,Vietnam,Mobile
4420,Female,5/30/2020,96975152,36,3,48.16,144.48,China,Computer
3910,Male,5/30/2020,91784142,14,1,89.76,89.76,France,Computer
4920,Male,5/31/2020,87136139,79,3,33.28,99.84,United Kingdom,Mobile
9443,Male,5/31/2020,99110856,98,2,85.04,170.08,Australia,Computer
5542,Male,5/31/2020,56240338,29,1,1.91,1.91,Switzerland,Mobile
9258,Male,5/31/2020,56883683,93,2,67.46,134.92,South Korea,Mobile
1519,Female,06-01-2020,72909377,91,3,67.48,202.44,Turkey,Computer
4729,Male,06-01-2020,52231752,38,1,26.03,26.03,Nigeria,Computer
2214,Male,06-02-2020,87636074,100,1,98.59,98.59,Nigeria,Computer
1145,Female,06-02-2020,93488605,60,1,91.28,91.28,Mexico,Computer
2641,Male,06-03-2020,73934880,61,1,70.34,70.34,Italy,Computer
9021,Male,06-03-2020,92996702,1,1,81.91,81.91,United Kingdom,Computer
9034,Female,06-04-2020,46898050,56,2,87.34,174.68,Thailand,Mobile
5285,Male,06-04-2020,14845055,48,1,31.26,31.26,South Korea,Computer
8554,Male,06-05-2020,44913687,3,3,97.19,291.57,Brazil,Computer
3619,Male,06-06-2020,44208979,9,2,73.83,147.66,South Korea,Computer
3612,Female,06-06-2020,22945684,9,1,73.83,73.83,Australia,Computer
1884,Male,06-06-2020,68653757,68,3,32.68,98.04,China,Computer
4154,Male,06-07-2020,85652841,93,3,67.46,202.38,United Kingdom,Mobile
1946,Male,06-07-2020,22253716,5,3,11.97,35.91,Thailand,Mobile
8638,Male,06-08-2020,64356157,12,2,86.11,172.22,Germany,Computer
6593,Male,06-09-2020,51971773,15,1,6.32,6.32,United Kingdom,Computer
4996,Male,06-09-2020,98529708,90,2,21.51,43.02,Australia,Computer
1201,Male,06-09-2020,95911383,74,2,33.51,67.02,Philippines,Computer
5025,Male,06-10-2020,24223054,81,3,52.96,158.88,Netherlands,Computer
9217,Male,06-11-2020,93556463,59,1,79.57,79.57,Australia,Computer
8843,Male,06-11-2020,81673861,35,2,78.78,157.56,Italy,Computer
1259,Male,06-11-2020,37937918,15,1,6.32,6.32,United States,Mobile
2922,Male,06-11-2020,15959328,40,1,89.85,89.85,Italy,Mobile
9283,Male,06-12-2020,34011964,26,1,34.43,34.43,China,Computer
3065,Male,06-12-2020,48182866,30,2,6.08,12.16,Russia,Mobile
9363,Male,6/13/2020,98920094,13,3,41.29,123.87,Mexico,Computer
5726,Female,6/13/2020,26925652,54,2,90.78,181.56,China,Mobile
9453,Male,6/13/2020,86542088,100,1,98.59,98.59,Germany,Mobile
2358,Male,6/14/2020,57735457,35,2,78.78,157.56,France,Computer
5930,Male,6/14/2020,62175128,57,2,13.08,26.16,Japan,Computer
3854,Female,6/15/2020,29080838,16,2,39.33,78.66,Italy,Mobile
6979,Female,6/16/2020,77732308,56,3,87.34,262.02,United States,Mobile
4991,Male,6/16/2020,52794355,65,3,38.95,116.85,Argentina,Mobile
3911,Male,6/16/2020,90029272,40,1,89.85,89.85,France,Computer
4129,Male,6/16/2020,57491784,66,3,56.01,168.03,United States,Computer
2055,Female,6/16/2020,74993322,72,1,3.55,3.55,United States,Mobile
9860,Male,6/17/2020,22290113,8,3,67.18,201.54,Switzerland,Computer
2809,Female,6/17/2020,29182722,38,1,26.03,26.03,China,Computer
4083,Female,6/18/2020,94863308,42,2,74.77,149.54,Italy,Mobile
4975,Male,6/19/2020,64944680,6,1,8.07,8.07,South Korea,Computer
4556,Male,6/20/2020,14906948,99,3,36.83,110.49,United States,Computer
3001,Female,6/20/2020,80467122,69,2,96.47,192.94,Japan,Computer
4805,Male,6/21/2020,24079095,1,1,81.91,81.91,Brazil,Computer
3852,Female,6/22/2020,30275126,38,2,26.03,52.06,China,Computer
2008,Female,6/22/2020,13161036,89,2,37.61,75.22,Canada,Computer
2402,Female,6/22/2020,85058877,44,1,52.78,52.78,Spain,Mobile
5370,Male,6/23/2020,75403070,91,1,67.48,67.48,South Korea,Computer
2720,Male,6/24/2020,95296032,92,2,58.5,117,United Kingdom,Computer
8653,Female,6/25/2020,16686491,89,3,37.61,112.83,Japan,Mobile
8970,Male,6/26/2020,44216635,15,3,6.32,18.96,Netherlands,Mobile
6565,Male,6/27/2020,47951198,80,1,77.64,77.64,Poland,Computer
1149,Female,6/27/2020,73866590,84,3,32.88,98.64,Japan,Computer
8720,Male,6/28/2020,48511487,66,2,56.01,112.02,China,Computer
6367,Female,6/29/2020,94711400,20,3,81.89,245.67,Taiwan,Mobile
4012,Male,6/29/2020,39354678,41,1,32.33,32.33,Switzerland,Computer
3526,Male,6/30/2020,46966434,51,3,50.59,151.77,Italy,Computer
2906,Male,07-01-2020,65457211,75,3,32.34,97.02,France,Computer
8896,Female,07-02-2020,81539559,36,1,48.16,48.16,Japan,Computer
7482,Male,07-03-2020,13635255,2,3,33.11,99.33,Australia,Mobile
3625,Male,07-03-2020,18317559,99,2,36.83,73.66,Canada,Mobile
9284,Female,07-03-2020,98647292,18,3,1.97,5.91,Spain,Mobile
9282,Male,07-03-2020,84878232,94,1,17.63,17.63,Japan,Computer
2023,Male,07-04-2020,17016278,30,2,6.08,12.16,Russia,Computer
6005,Male,07-05-2020,90330935,91,1,67.48,67.48,Canada,Computer
5928,Male,07-06-2020,57382625,30,3,6.08,18.24,Canada,Mobile
7913,Male,07-06-2020,38844229,78,1,19.66,19.66,Italy,Computer
6790,Female,07-07-2020,11560210,24,2,99.58,199.16,Australia,Computer
7574,Male,07-08-2020,16927737,22,2,41.48,82.96,Australia,Computer
4527,Female,07-08-2020,25359427,86,1,93.47,93.47,Brazil,Computer
9400,Female,07-08-2020,66751254,94,1,17.63,17.63,Germany,Computer
6334,Male,07-08-2020,31825201,84,2,32.88,65.76,Japan,Computer
6201,Female,07-09-2020,72944505,33,3,28.56,85.68,Australia,Computer
8403,Male,07-10-2020,21304935,40,2,89.85,179.7,Mexico,Mobile
1729,Male,07-10-2020,12178046,29,3,1.91,5.73,Mexico,Computer
9028,Male,07-11-2020,45343980,14,2,89.76,179.52,Japan,Computer
5217,Male,07-12-2020,37513307,19,3,13.2,39.6,Spain,Mobile
9345,Male,7/13/2020,48278772,77,2,20.4,40.8,Mexico,Computer
2100,Male,7/13/2020,60348600,35,1,78.78,78.78,Poland,Computer
6477,Male,7/13/2020,82436207,5,2,11.97,23.94,Poland,Computer
4264,Male,7/14/2020,91522281,42,1,74.77,74.77,Brazil,Computer
7500,Male,7/14/2020,59177974,43,2,30.66,61.32,United States,Computer
4350,Male,7/15/2020,94851519,96,1,36.96,36.96,United Kingdom,Computer
7952,Female,7/15/2020,35910351,74,2,33.51,67.02,Italy,Computer
2493,Female,7/16/2020,67532345,100,3,98.59,295.77,France,Computer
7112,Male,7/17/2020,77569365,96,1,36.96,36.96,Japan,Computer
8437,Male,7/17/2020,81708614,49,2,99.72,199.44,Russia,Computer
5975,Male,7/17/2020,36834756,19,1,13.2,13.2,Poland,Computer
8309,Male,7/18/2020,89586690,56,2,87.34,174.68,Japan,Computer
9598,Male,7/18/2020,17514469,32,2,91.37,182.74,United States,Computer
3160,Male,7/18/2020,89137683,56,1,87.34,87.34,South Korea,Computer
3492,Male,7/18/2020,20192901,69,3,96.47,289.41,Canada,Computer
3316,Male,7/19/2020,27548364,46,2,9.88,19.76,United States,Computer
4648,Male,7/19/2020,93726294,45,3,3.67,11.01,Canada,Mobile
9352,Female,7/20/2020,40911780,42,2,74.77,149.54,Russia,Computer
4479,Female,7/21/2020,78592538,84,3,32.88,98.64,Australia,Mobile
3412,Male,7/21/2020,89633854,20,2,81.89,163.78,China,Mobile
5472,Male,7/22/2020,89239908,69,3,96.47,289.41,United States,Computer
7415,Male,7/23/2020,81189113,13,3,41.29,123.87,Netherlands,Computer
9200,Male,7/23/2020,60544778,48,1,31.26,31.26,India,Computer
6143,Female,7/24/2020,49556841,46,2,9.88,19.76,Japan,Mobile
6930,Male,7/25/2020,18621742,40,2,89.85,179.7,Vietnam,Computer
3375,Male,7/25/2020,67833913,44,1,52.78,52.78,United States,Computer
8919,Male,7/26/2020,27097366,74,3,33.51,100.53,Spain,Mobile
6782,Female,7/26/2020,94765925,30,3,6.08,18.24,Poland,Computer
9428,Female,7/26/2020,18662293,64,3,35.23,105.69,Turkey,Computer
7062,Female,7/27/2020,35779628,67,1,17.22,17.22,Germany,Mobile
4649,Female,7/28/2020,99287664,12,1,86.11,86.11,South Korea,Computer
1917,Female,7/28/2020,80114247,6,1,8.07,8.07,Philippines,Computer
8779,Female,7/29/2020,75559537,81,3,52.96,158.88,United Kingdom,Computer
3753,Male,7/29/2020,87278825,58,3,74.55,223.65,Germany,Mobile
4207,Female,7/29/2020,22384056,93,3,67.46,202.38,Canada,Mobile
7042,Male,7/30/2020,76757192,79,1,33.28,33.28,Russia,Mobile
8715,Male,7/30/2020,44872648,70,3,63.88,191.64,Vietnam,Computer
8258,Female,7/31/2020,64021753,99,1,36.83,36.83,Taiwan,Computer
8663,Male,7/31/2020,73059414,88,3,40.95,122.85,Germany,Computer
5139,Male,7/31/2020,74177553,47,2,64.64,129.28,India,Mobile
3659,Male,7/31/2020,62746269,83,1,1.22,1.22,Thailand,Mobile
5679,Male,08-01-2020,82107637,98,1,85.04,85.04,Netherlands,Computer
1477,Male,08-02-2020,86377828,75,2,32.34,64.68,Brazil,Computer
2278,Male,08-03-2020,16508172,88,2,40.95,81.9,Mexico,Computer
9485,Female,08-03-2020,62998351,85,3,68.31,204.93,Thailand,Computer
4006,Female,08-04-2020,46036986,59,3,79.57,238.71,Germany,Computer
9538,Male,08-04-2020,94123840,26,2,34.43,68.86,Italy,Computer
4000,Male,08-04-2020,18692741,97,3,56.74,170.22,Japan,Mobile
1154,Female,08-04-2020,71151354,21,3,98.91,296.73,Japan,Computer
4118,Male,08-05-2020,86947243,99,2,36.83,73.66,Australia,Mobile
9146,Male,08-05-2020,72798097,1,3,81.91,245.73,Belgium,Computer
8365,Male,08-06-2020,92591001,20,1,81.89,81.89,Russia,Computer
1587,Male,08-06-2020,85163030,52,3,20.15,60.45,Netherlands,Mobile
3472,Male,08-07-2020,40441648,28,2,5.32,10.64,Germany,Computer
2078,Male,08-07-2020,54623097,64,3,35.23,105.69,Argentina,Computer
5647,Male,08-08-2020,98373607,94,2,17.63,35.26,United Kingdom,Computer
8255,Male,08-08-2020,38448216,60,1,91.28,91.28,China,Computer
6294,Female,08-08-2020,31097092,44,3,52.78,158.34,United States,Mobile
7942,Female,08-09-2020,23306276,81,1,52.96,52.96,Australia,Computer
4767,Female,08-10-2020,36253147,4,1,32.43,32.43,Vietnam,Mobile
8286,Female,08-11-2020,79709070,86,2,93.47,186.94,Switzerland,Computer
9522,Female,08-11-2020,20554846,45,2,3.67,7.34,Brazil,Computer
7099,Male,08-12-2020,30074346,8,3,67.18,201.54,Turkey,Computer
3438,Male,8/13/2020,84401074,41,2,32.33,64.66,Spain,Computer
8023,Male,8/14/2020,95336060,23,2,95.72,191.44,Argentina,Computer
2859,Male,8/14/2020,39031343,58,1,74.55,74.55,Vietnam,Computer
2855,Male,8/15/2020,64563187,85,2,68.31,136.62,France,Computer
3629,Male,8/15/2020,42699162,43,2,30.66,61.32,Taiwan,Computer
2068,Male,8/16/2020,57429491,35,3,78.78,236.34,Canada,Mobile
6373,Female,8/16/2020,35284058,20,2,81.89,163.78,Italy,Mobile
9342,Male,8/17/2020,28320137,47,2,64.64,129.28,Germany,Computer
5673,Male,8/17/2020,69349304,13,3,41.29,123.87,Canada,Mobile
6894,Male,8/18/2020,39739010,13,1,41.29,41.29,Mexico,Computer
2556,Male,8/19/2020,88632254,31,2,43.5,87,India,Mobile
7049,Male,8/19/2020,75473433,9,3,73.83,221.49,Japan,Computer
8633,Female,8/19/2020,25162680,90,1,21.51,21.51,Japan,Computer
4190,Male,8/19/2020,93378680,36,1,48.16,48.16,Indonesia,Computer
3200,Male,8/20/2020,32157284,6,3,8.07,24.21,Germany,Computer
6627,Male,8/21/2020,29510917,64,3,35.23,105.69,Nigeria,Computer
4133,Female,8/21/2020,24369820,28,3,5.32,15.96,Switzerland,Mobile
6364,Male,8/22/2020,82059843,36,1,48.16,48.16,Mexico,Computer
2627,Male,8/22/2020,16557830,70,3,63.88,191.64,Vietnam,Computer
4780,Female,8/23/2020,20287021,80,1,77.64,77.64,Indonesia,Computer
8265,Male,8/23/2020,63664932,32,1,91.37,91.37,United Kingdom,Computer
3250,Male,8/24/2020,34629866,10,3,19.34,58.02,Taiwan,Computer
7855,Male,8/24/2020,23357043,69,3,96.47,289.41,United States,Computer
8886,Male,8/24/2020,83321059,69,3,96.47,289.41,Italy,Computer
2891,Male,8/25/2020,73564888,75,3,32.34,97.02,Mexico,Computer
2171,Male,8/26/2020,99758564,24,3,99.58,298.74,Germany,Computer
9657,Male,8/26/2020,49476908,25,2,11.29,22.58,United Kingdom,Computer
2504,Male,8/26/2020,61879177,55,3,73.53,220.59,Canada,Computer
7165,Male,8/27/2020,37087601,78,3,19.66,58.98,United Kingdom,Mobile
3759,Female,8/27/2020,54618340,51,1,50.59,50.59,India,Computer
5409,Male,8/28/2020,13907653,88,3,40.95,122.85,Australia,Computer
8097,Male,8/28/2020,30829494,53,1,7.51,7.51,Germany,Mobile
4213,Male,8/29/2020,69683253,28,2,5.32,10.64,China,Computer
7462,Male,8/30/2020,94023600,74,1,33.51,33.51,Russia,Computer
3925,Male,8/30/2020,13335399,81,1,52.96,52.96,United States,Mobile
2697,Female,8/31/2020,56451541,40,2,89.85,179.7,China,Computer
7296,Male,09-01-2020,61642542,61,1,70.34,70.34,Italy,Computer
3732,Male,09-02-2020,59252229,97,3,56.74,170.22,Germany,Mobile
7972,Female,09-02-2020,48319546,97,3,56.74,170.22,Japan,Computer
7318,Male,09-03-2020,58327471,9,3,73.83,221.49,India,Computer
8778,Male,09-03-2020,44940123,97,3,56.74,170.22,Thailand,Computer
1954,Male,09-04-2020,90170504,70,1,63.88,63.88,United States,Computer
1206,Male,09-05-2020,77510052,31,1,43.5,43.5,Japan,Computer
6796,Male,09-05-2020,30792294,7,3,59.68,179.04,Australia,Computer
4539,Male,09-06-2020,13556924,64,2,35.23,70.46,Germany,Computer
8961,Female,09-06-2020,29723027,44,2,52.78,105.56,United Kingdom,Computer
5084,Male,09-07-2020,59943053,17,1,18.86,18.86,Turkey,Computer
9827,Female,09-08-2020,61322485,29,2,1.91,3.82,Spain,Mobile
5305,Female,09-08-2020,16358800,35,3,78.78,236.34,Japan,Computer
6611,Male,09-08-2020,18593690,44,3,52.78,158.34,Taiwan,Computer
7611,Female,09-09-2020,44600868,95,1,50.48,50.48,China,Computer
1267,Female,09-10-2020,63024971,92,2,58.5,117,Poland,Mobile
1371,Male,09-11-2020,90502748,73,2,30.57,61.14,Japan,Computer
7220,Male,09-11-2020,28029919,61,2,70.34,140.68,United Kingdom,Computer
5909,Male,09-11-2020,97307702,52,2,20.15,40.3,Switzerland,Computer
4944,Male,09-12-2020,81929174,97,3,56.74,170.22,United Kingdom,Computer
7410,Male,9/13/2020,71832058,65,1,38.95,38.95,Germany,Computer
3190,Male,9/13/2020,23143121,61,1,70.34,70.34,India,Mobile
6731,Male,9/13/2020,73341288,92,2,58.5,117,China,Mobile
3668,Female,9/14/2020,47610211,78,3,19.66,58.98,Germany,Computer
2439,Male,9/14/2020,20551510,18,2,1.97,3.94,Japan,Computer
6796,Male,9/15/2020,25186506,12,1,86.11,86.11,South Korea,Mobile
4787,Female,9/15/2020,48724441,88,2,40.95,81.9,Brazil,Mobile
5298,Male,9/16/2020,85613291,88,3,40.95,122.85,China,Mobile
2547,Male,9/17/2020,94041943,9,2,73.83,147.66,Canada,Computer
7912,Male,9/17/2020,60082692,67,1,17.22,17.22,Australia,Mobile
8576,Female,9/18/2020,59146193,77,2,20.4,40.8,United States,Computer
1252,Male,9/19/2020,14168745,80,3,77.64,232.92,Argentina,Computer
9097,Male,9/20/2020,91745460,51,2,50.59,101.18,Australia,Mobile
5549,Female,9/21/2020,29374402,54,3,90.78,272.34,Canada,Computer
2720,Male,9/21/2020,57658434,93,3,67.46,202.38,France,Computer
2293,Male,9/22/2020,40614992,85,3,68.31,204.93,Brazil,Computer
1182,Male,9/23/2020,37324866,74,3,33.51,100.53,France,Computer
9057,Male,9/23/2020,54917169,27,3,72.93,218.79,Germany,Computer
5307,Male,9/24/2020,61774984,48,3,31.26,93.78,United States,Computer
3472,Male,9/25/2020,58216698,67,2,17.22,34.44,Canada,Computer
8058,Female,9/25/2020,72241163,97,1,56.74,56.74,United Kingdom,Computer
7245,Male,9/26/2020,47469251,28,2,5.32,10.64,Japan,Computer
4669,Male,9/26/2020,51682679,60,3,91.28,273.84,India,Computer
4885,Male,9/26/2020,72015993,41,2,32.33,64.66,Japan,Computer
4528,Male,9/27/2020,31139918,91,3,67.48,202.44,France,Mobile
4765,Female,9/28/2020,40303645,40,3,89.85,269.55,Brazil,Computer
3991,Female,9/28/2020,47732229,59,1,79.57,79.57,Japan,Mobile
9242,Male,9/29/2020,57563563,51,3,50.59,151.77,United Kingdom,Computer
6593,Male,9/29/2020,54506760,31,2,43.5,87,Nigeria,Computer
6527,Female,9/30/2020,99377739,17,2,18.86,37.72,Iran,Computer
6993,Male,10-01-2020,22254129,41,3,32.33,96.99,China,Computer
2687,Male,10-01-2020,57956505,63,3,57.12,171.36,Spain,Computer
7863,Male,10-02-2020,49220425,82,3,5.82,17.46,India,Computer
4401,Female,10-03-2020,91168295,47,1,64.64,64.64,Egypt,Computer
9334,Male,10-03-2020,71764368,28,1,5.32,5.32,United States,Mobile
3111,Male,10-04-2020,16505526,5,2,11.97,23.94,China,Mobile
5583,Female,10-05-2020,87417593,77,2,20.4,40.8,Russia,Computer
3695,Female,10-05-2020,86410702,96,3,36.96,110.88,Switzerland,Mobile
7555,Male,10-05-2020,96838596,20,2,81.89,163.78,United Kingdom,Computer
3411,Female,10-05-2020,94693193,11,2,4.31,8.62,Saudi Arabia,Computer
6852,Male,10-06-2020,52156212,99,1,36.83,36.83,Japan,Computer
8946,Male,10-06-2020,76671711,15,1,6.32,6.32,India,Computer
8761,Male,10-07-2020,80689792,94,2,17.63,35.26,Poland,Computer
5813,Male,10-07-2020,69980858,84,1,32.88,32.88,Brazil,Computer
8958,Male,10-08-2020,21100201,45,2,3.67,7.34,Japan,Computer
1622,Male,10-08-2020,58556769,10,2,19.34,38.68,Netherlands,Computer
9934,Male,10-08-2020,96634846,93,2,67.46,134.92,Japan,Computer
9072,Female,10-08-2020,41234414,66,2,56.01,112.02,Argentina,Computer
7652,Female,10-09-2020,84740037,76,3,76.67,230.01,Netherlands,Computer
6735,Male,10-09-2020,15246295,58,2,74.55,149.1,Russia,Computer
3562,Male,10-10-2020,77283724,78,2,19.66,39.32,Belgium,Mobile
5284,Male,10-10-2020,86657412,74,2,33.51,67.02,France,Computer
2319,Male,10-10-2020,91656552,59,3,79.57,238.71,Canada,Computer
9714,Male,10-10-2020,70024384,100,2,98.59,197.18,Japan,Mobile
5517,Male,10-11-2020,35631788,2,1,33.11,33.11,United States,Computer
1377,Male,10-12-2020,75081096,59,2,79.57,159.14,Canada,Mobile
6784,Female,10-12-2020,47663613,12,2,86.11,172.22,Switzerland,Mobile
7127,Female,10/13/2020,62236726,75,3,32.34,97.02,Italy,Computer
7012,Male,10/13/2020,79892741,76,2,76.67,153.34,Japan,Computer
9554,Male,10/14/2020,48235941,76,3,76.67,230.01,United States,Mobile
6279,Male,10/15/2020,72832726,77,1,20.4,20.4,Canada,Mobile
8772,Male,10/15/2020,16508241,19,1,13.2,13.2,Poland,Computer
2616,Male,10/16/2020,53848738,7,3,59.68,179.04,Taiwan,Mobile
6674,Male,10/16/2020,86322098,98,2,85.04,170.08,China,Computer
4511,Male,10/17/2020,41439660,15,2,6.32,12.64,India,Mobile
5481,Male,10/17/2020,50788261,98,1,85.04,85.04,Switzerland,Mobile
6786,Female,10/17/2020,73315349,35,3,78.78,236.34,United States,Computer
3143,Female,10/17/2020,25587982,14,3,89.76,269.28,United States,Mobile
1181,Female,10/18/2020,83605883,14,3,89.76,269.28,United States,Computer
9304,Male,10/19/2020,82446993,59,1,79.57,79.57,Germany,Computer
5390,Male,10/19/2020,27153637,55,2,73.53,147.06,Italy,Mobile
4274,Male,10/20/2020,49210802,72,2,3.55,7.1,Germany,Computer
1582,Male,10/20/2020,72120298,99,3,36.83,110.49,Brazil,Computer
8998,Male,10/21/2020,66083344,76,1,76.67,76.67,Australia,Computer
7759,Female,10/22/2020,78783233,15,2,6.32,12.64,United States,Computer
5606,Male,10/22/2020,61960917,94,1,17.63,17.63,Indonesia,Mobile
5807,Male,10/23/2020,63950009,84,1,32.88,32.88,Egypt,Computer
1191,Male,10/23/2020,50274273,39,1,41.61,41.61,Netherlands,Mobile
2925,Male,10/24/2020,82839540,58,1,74.55,74.55,Spain,Computer
5198,Female,10/24/2020,58644460,8,3,67.18,201.54,China,Computer
6338,Male,10/24/2020,69491271,95,2,50.48,100.96,France,Computer
9479,Male,10/25/2020,31598155,97,2,56.74,113.48,Germany,Computer
7756,Male,10/25/2020,11790333,94,3,17.63,52.89,Russia,Computer
8168,Male,10/26/2020,93796155,78,1,19.66,19.66,India,Mobile
6495,Female,10/27/2020,92751677,12,1,86.11,86.11,France,Computer
9830,Male,10/28/2020,75781416,75,1,32.34,32.34,Belgium,Computer
3082,Male,10/28/2020,49700535,48,3,31.26,93.78,Japan,Computer
5484,Female,10/28/2020,13132390,43,3,30.66,91.98,Japan,Mobile
9347,Female,10/29/2020,68349884,28,1,5.32,5.32,Russia,Computer
5958,Male,10/30/2020,79671441,56,2,87.34,174.68,China,Mobile
2246,Male,10/31/2020,26738833,3,2,97.19,194.38,Germany,Computer
8342,Female,10/31/2020,55467817,79,2,33.28,66.56,United Kingdom,Computer
3449,Male,11-01-2020,30683798,11,2,4.31,8.62,Mexico,Computer
6750,Female,11-01-2020,24507967,94,3,17.63,52.89,China,Mobile
3147,Female,11-02-2020,77785641,18,1,1.97,1.97,Turkey,Computer
3452,Male,11-02-2020,60652408,28,1,5.32,5.32,Brazil,Computer
4136,Male,11-03-2020,39338498,47,2,64.64,129.28,Saudi Arabia,Computer
4637,Male,11-03-2020,88635949,81,1,52.96,52.96,Canada,Mobile
5603,Male,11-04-2020,40230517,33,2,28.56,57.12,United States,Mobile
6629,Male,11-04-2020,67962412,32,1,91.37,91.37,Italy,Computer
4921,Male,11-05-2020,79210551,88,1,40.95,40.95,Nigeria,Computer
1218,Male,11-05-2020,56200065,44,1,52.78,52.78,Russia,Computer
2569,Male,11-05-2020,87104162,8,1,67.18,67.18,Poland,Mobile
7634,Male,11-06-2020,76086150,8,1,67.18,67.18,Italy,Computer
4127,Female,11-06-2020,40494716,13,2,41.29,82.58,Saudi Arabia,Computer
9545,Male,11-07-2020,51170698,91,2,67.48,134.96,India,Computer
4902,Female,11-07-2020,36205028,70,2,63.88,127.76,Italy,Mobile
6824,Female,11-07-2020,49570728,48,1,31.26,31.26,Egypt,Computer
1262,Male,11-08-2020,38076937,51,2,50.59,101.18,Canada,Computer
6907,Female,11-08-2020,56487149,86,2,93.47,186.94,South Korea,Mobile
2646,Male,11-08-2020,22281550,8,2,67.18,134.36,Italy,Computer
6790,Female,11-09-2020,34598118,77,1,20.4,20.4,United States,Computer
2151,Male,11-09-2020,42240908,98,2,85.04,170.08,Argentina,Computer
3948,Female,11-09-2020,13111889,73,2,30.57,61.14,United States,Computer
1263,Male,11-09-2020,72056391,99,2,36.83,73.66,Japan,Computer
1689,Female,11-09-2020,61096612,97,3,56.74,170.22,India,Mobile
3663,Male,11-10-2020,86011105,9,2,73.83,147.66,Germany,Computer
1169,Male,11-11-2020,91117044,19,3,13.2,39.6,United States,Computer
8151,Male,11-11-2020,36287130,49,3,99.72,299.16,United Kingdom,Mobile
1364,Female,11-12-2020,53491638,45,1,3.67,3.67,Russia,Computer
2268,Female,11-12-2020,98035145,68,1,32.68,32.68,Switzerland,Computer
1375,Male,11/13/2020,47189849,98,1,85.04,85.04,Argentina,Mobile
4555,Female,11/13/2020,36251510,53,2,7.51,15.02,United States,Computer
4410,Female,11/14/2020,94241603,53,3,7.51,22.53,Germany,Computer
2038,Male,11/14/2020,13600121,90,1,21.51,21.51,France,Computer
7240,Male,11/15/2020,15409196,77,1,20.4,20.4,Canada,Computer
7630,Male,11/15/2020,20139948,1,3,81.91,245.73,South Korea,Mobile
9605,Female,11/15/2020,31180856,24,2,99.58,199.16,Russia,Mobile
7060,Male,11/16/2020,75823494,81,3,52.96,158.88,Netherlands,Computer
4273,Male,11/16/2020,66302712,39,1,41.61,41.61,Japan,Computer
8132,Female,11/16/2020,44964424,8,1,67.18,67.18,Saudi Arabia,Computer
9320,Male,11/17/2020,18771788,41,3,32.33,96.99,Canada,Mobile
4094,Female,11/17/2020,14312643,27,1,72.93,72.93,China,Mobile
3833,Male,11/18/2020,28581683,74,1,33.51,33.51,United States,Mobile
8257,Female,11/18/2020,89890461,14,2,89.76,179.52,Germany,Computer
2121,Male,11/19/2020,11679897,21,1,98.91,98.91,Russia,Computer
8107,Male,11/19/2020,37435994,30,2,6.08,12.16,Japan,Computer
4842,Male,11/20/2020,38103063,80,1,77.64,77.64,United States,Computer
4470,Male,11/21/2020,41768411,95,2,50.48,100.96,Germany,Mobile
8740,Male,11/21/2020,31742317,97,3,56.74,170.22,China,Computer
2512,Female,11/22/2020,49923776,9,3,73.83,221.49,Brazil,Mobile
6827,Female,11/22/2020,80443857,65,2,38.95,77.9,Germany,Computer
9424,Female,11/22/2020,49394167,27,1,72.93,72.93,United Kingdom,Computer
2445,Male,11/23/2020,65197408,69,1,96.47,96.47,Germany,Computer
7319,Male,11/23/2020,56628067,42,3,74.77,224.31,France,Mobile
1433,Male,11/24/2020,75512403,63,2,57.12,114.24,China,Computer
7768,Male,11/24/2020,49234523,25,1,11.29,11.29,United Kingdom,Computer
8430,Male,11/24/2020,55110445,12,1,86.11,86.11,United States,Computer
5932,Male,11/25/2020,86687781,93,1,67.46,67.46,Switzerland,Computer
9338,Male,11/25/2020,59846809,67,2,17.22,34.44,Canada,Computer
5485,Male,11/25/2020,42685309,81,3,52.96,158.88,Brazil,Computer
7777,Male,11/26/2020,90431627,79,1,33.28,33.28,India,Computer
2069,Male,11/27/2020,90243428,61,3,70.34,211.02,Argentina,Computer
8182,Female,11/27/2020,66948165,26,1,34.43,34.43,Mexico,Computer
6357,Female,11/27/2020,89187928,2,3,33.11,99.33,China,Computer
3439,Male,11/27/2020,64848164,71,2,57.53,115.06,Japan,Computer
1888,Male,11/27/2020,21598419,49,2,99.72,199.44,United States,Computer
7863,Male,11/28/2020,57754417,88,1,40.95,40.95,South Korea,Mobile
5350,Male,11/29/2020,11829607,12,3,86.11,258.33,India,Mobile
4790,Female,11/29/2020,47678907,60,1,91.28,91.28,Switzerland,Computer
4783,Male,11/30/2020,33432737,9,1,73.83,73.83,India,Mobile
7777,Male,11/30/2020,74195767,76,2,76.67,153.34,Philippines,Mobile
6327,Female,12-01-2020,41099859,13,1,41.29,41.29,United Kingdom,Computer
3578,Male,12-01-2020,34148256,77,2,20.4,40.8,Italy,Computer
5683,Female,12-02-2020,13598878,86,3,93.47,280.41,United Kingdom,Mobile
9531,Male,12-02-2020,21954154,59,1,79.57,79.57,South Korea,Mobile
9041,Male,12-03-2020,80872986,21,2,98.91,197.82,Poland,Computer
8521,Male,12-03-2020,59605917,81,3,52.96,158.88,Brazil,Computer
1397,Male,12-03-2020,56596968,95,3,50.48,151.44,France,Computer
5725,Male,12-04-2020,43673836,37,2,11.5,23,South Korea,Mobile
6747,Female,12-04-2020,43647054,92,2,58.5,117,United Kingdom,Mobile
5955,Male,12-05-2020,36524029,90,3,21.51,64.53,Italy,Mobile
6715,Male,12-06-2020,70019808,85,2,68.31,136.62,Japan,Computer
7516,Female,12-06-2020,37645181,87,1,50.56,50.56,Russia,Computer
6031,Male,12-06-2020,71893039,40,3,89.85,269.55,Philippines,Mobile
1762,Male,12-07-2020,37010612,46,3,9.88,29.64,Germany,Computer
9687,Female,12-08-2020,85409025,54,3,90.78,272.34,Indonesia,Mobile
5952,Female,12-08-2020,34004009,20,3,81.89,245.67,Poland,Computer
1287,Female,12-09-2020,12463875,34,2,48.24,96.48,Japan,Mobile
9550,Male,12-09-2020,42655955,67,3,17.22,51.66,Vietnam,Computer
7123,Male,12-10-2020,59118269,37,2,11.5,23,Germany,Computer
9289,Male,12-10-2020,44811145,5,3,11.97,35.91,Spain,Mobile
7207,Male,12-11-2020,13648467,46,2,9.88,19.76,Japan,Computer
5407,Male,12-11-2020,78947966,13,2,41.29,82.58,Japan,Computer
1129,Male,12-11-2020,51167673,19,3,13.2,39.6,Turkey,Computer
2520,Female,12-12-2020,37324424,95,1,50.48,50.48,Russia,Computer
4542,Male,12/13/2020,90048361,16,2,39.33,78.66,Canada,Mobile
8403,Male,12/13/2020,79291163,95,3,50.48,151.44,Italy,Computer
3238,Male,12/13/2020,57243181,17,1,18.86,18.86,Iran,Computer
1381,Female,12/14/2020,48840130,10,3,19.34,58.02,France,Computer
3320,Male,12/14/2020,34448643,30,2,6.08,12.16,United Kingdom,Mobile
7081,Male,12/15/2020,73181033,49,2,99.72,199.44,Thailand,Computer
4251,Male,12/15/2020,79099557,11,3,4.31,12.93,Italy,Computer
9428,Female,12/15/2020,68858302,60,2,91.28,182.56,Germany,Computer
5794,Male,12/15/2020,39462121,38,2,26.03,52.06,Japan,Computer
5780,Female,12/15/2020,89799427,7,2,59.68,119.36,Netherlands,Mobile
7148,Male,12/16/2020,93534016,77,1,20.4,20.4,France,Computer
9148,Male,12/17/2020,47043166,38,3,26.03,78.09,United States,Mobile
3209,Male,12/17/2020,51599113,17,3,18.86,56.58,China,Mobile
6067,Male,12/17/2020,32234760,60,2,91.28,182.56,Spain,Mobile
9347,Female,12/18/2020,24112112,88,1,40.95,40.95,Vietnam,Computer
8394,Male,12/18/2020,43966784,46,2,9.88,19.76,Canada,Computer
3102,Male,12/19/2020,23650183,97,1,56.74,56.74,Egypt,Computer
4173,Male,12/19/2020,59272788,80,3,77.64,232.92,Brazil,Computer
8489,Male,12/20/2020,21207917,80,1,77.64,77.64,Egypt,Computer
8320,Male,12/20/2020,72754951,77,3,20.4,61.2,United Kingdom,Computer
1766,Male,12/21/2020,36800787,56,2,87.34,174.68,China,Computer
2600,Male,12/21/2020,75431042,75,2,32.34,64.68,Spain,Mobile
4073,Male,12/22/2020,76407849,94,1,17.63,17.63,Russia,Computer
6231,Female,12/23/2020,66364900,89,3,37.61,112.83,Poland,Mobile
9269,Female,12/23/2020,88430822,34,2,48.24,96.48,Vietnam,Mobile
9033,Male,12/24/2020,53056566,59,2,79.57,159.14,Italy,Computer
1199,Male,12/24/2020,66313438,34,2,48.24,96.48,Italy,Computer
7292,Female,12/24/2020,86974517,52,2,20.15,40.3,United Kingdom,Computer
3497,Male,12/25/2020,56601548,91,1,67.48,67.48,Canada,Computer
8207,Male,12/25/2020,71752303,54,3,90.78,272.34,Indonesia,Computer
2325,Female,12/26/2020,48802451,17,2,18.86,37.72,United Kingdom,Computer
4265,Female,12/27/2020,18165277,85,2,68.31,136.62,Russia,Computer
1563,Female,12/27/2020,35458556,54,1,90.78,90.78,Germany,Computer
4284,Female,12/27/2020,92949828,54,1,90.78,90.78,United States,Computer
3975,Male,12/28/2020,68047808,6,3,8.07,24.21,China,Mobile
4662,Male,12/28/2020,88606222,99,1,36.83,36.83,South Korea,Mobile
6532,Female,12/29/2020,52495299,87,2,50.56,101.12,Taiwan,Mobile
2246,Male,12/29/2020,42272111,71,1,57.53,57.53,Italy,Mobile
9005,Female,12/29/2020,31393172,1,3,81.91,245.73,Turkey,Computer
9107,Male,12/30/2020,22703614,59,1,79.57,79.57,China,Computer
4940,Male,12/31/2020,38661289,11,1,4.31,4.31,South Korea,Computer
4684,Male,12/31/2020,41021151,39,2,41.61,83.22,Japan,Mobile
2253,Female,01-01-2021,22993334,70,2,63.88,127.76,Japan,Mobile
3517,Male,01-01-2021,91017864,65,1,38.95,38.95,Saudi Arabia,Computer
5409,Male,01-02-2021,31497033,12,3,86.11,258.33,Japan,Computer
7689,Male,01-03-2021,56497101,44,1,52.78,52.78,Indonesia,Computer
1270,Male,01-03-2021,14271666,67,3,17.22,51.66,Philippines,Mobile
9575,Male,01-04-2021,54610776,17,1,18.86,18.86,Turkey,Mobile
8815,Female,01-04-2021,17123912,5,3,11.97,35.91,India,Mobile
4308,Male,01-05-2021,18300333,79,1,33.28,33.28,Turkey,Computer
1420,Female,01-05-2021,73783824,58,2,74.55,149.1,Egypt,Mobile
5304,Male,01-05-2021,24817177,11,3,4.31,12.93,United Kingdom,Computer
6885,Male,01-06-2021,33544690,25,2,11.29,22.58,Canada,Computer
9743,Male,01-06-2021,89143378,77,2,20.4,40.8,Mexico,Computer
1763,Male,01-07-2021,19731522,52,3,20.15,60.45,China,Computer
2348,Male,01-07-2021,63567932,85,3,68.31,204.93,Japan,Mobile
1137,Male,01-08-2021,47055604,74,1,33.51,33.51,South Korea,Computer
4315,Male,01-09-2021,83441927,61,3,70.34,211.02,Switzerland,Computer
2355,Female,01-09-2021,80269440,37,1,11.5,11.5,Russia,Computer
8315,Male,01-10-2021,91517703,65,1,38.95,38.95,Thailand,Computer
2431,Female,01-11-2021,54597705,59,1,79.57,79.57,India,Computer
2854,Male,01-11-2021,57295473,70,2,63.88,127.76,Russia,Computer
9905,Female,01-12-2021,26246390,92,1,58.5,58.5,Belgium,Mobile
7663,Male,01-12-2021,87186656,22,1,41.48,41.48,South Korea,Computer
3309,Male,01-12-2021,58332836,36,3,48.16,144.48,India,Mobile
9077,Male,01-12-2021,47314098,19,3,13.2,39.6,United Kingdom,Computer
7977,Female,1/13/2021,91374015,1,1,81.91,81.91,Russia,Computer
7715,Female,1/14/2021,30628755,52,2,20.15,40.3,Nigeria,Mobile
1297,Female,1/14/2021,34079339,94,2,17.63,35.26,Canada,Computer
8213,Female,1/15/2021,86178730,70,1,63.88,63.88,Canada,Mobile
4038,Female,1/15/2021,53048583,95,1,50.48,50.48,India,Computer
6850,Male,1/16/2021,33287788,44,2,52.78,105.56,Brazil,Mobile
5190,Female,1/16/2021,16655265,45,2,3.67,7.34,South Korea,Mobile
4965,Male,1/17/2021,66772274,45,3,3.67,11.01,Iran,Mobile
5292,Male,1/17/2021,56313401,21,1,98.91,98.91,Vietnam,Mobile
8408,Female,1/18/2021,62665236,54,1,90.78,90.78,China,Mobile
7217,Female,1/19/2021,93715025,61,1,70.34,70.34,Italy,Computer
3367,Male,1/19/2021,61944084,77,3,20.4,61.2,Japan,Computer
3177,Male,1/19/2021,51454157,67,2,17.22,34.44,France,Computer
4132,Female,1/20/2021,35707767,63,2,57.12,114.24,South Korea,Computer
8354,Female,1/21/2021,92718276,95,2,50.48,100.96,Canada,Computer
5406,Female,1/21/2021,95802070,87,2,50.56,101.12,China,Mobile
5922,Male,1/22/2021,99051035,53,3,7.51,22.53,Mexico,Computer
1941,Male,1/23/2021,70638412,59,3,79.57,238.71,Nigeria,Computer
7424,Male,1/23/2021,99175465,87,3,50.56,151.68,United States,Computer
7264,Male,1/23/2021,52294316,29,3,1.91,5.73,Japan,Mobile
8696,Male,1/24/2021,38574452,63,1,57.12,57.12,France,Computer
9663,Male,1/24/2021,37282217,60,1,91.28,91.28,Poland,Computer
7274,Male,1/25/2021,86077935,56,2,87.34,174.68,United Kingdom,Mobile
2867,Male,1/25/2021,34281615,53,3,7.51,22.53,Germany,Computer
8253,Male,1/26/2021,86036540,2,3,33.11,99.33,Netherlands,Computer
6241,Male,1/26/2021,85495102,5,2,11.97,23.94,Russia,Computer
3046,Female,1/27/2021,71362508,30,1,6.08,6.08,Germany,Computer
6429,Male,1/27/2021,32946038,74,2,33.51,67.02,France,Computer
9172,Male,1/27/2021,97211888,58,2,74.55,149.1,Philippines,Computer
9310,Male,1/28/2021,52412688,1,3,81.91,245.73,Nigeria,Computer
9903,Male,1/28/2021,53422120,86,1,93.47,93.47,Turkey,Computer
3667,Male,1/29/2021,17973441,61,1,70.34,70.34,Indonesia,Computer
4473,Male,1/29/2021,14717420,66,1,56.01,56.01,Australia,Computer
2369,Male,1/30/2021,89583747,91,2,67.48,134.96,Brazil,Computer
8318,Male,1/30/2021,24161399,58,1,74.55,74.55,Iran,Mobile
1218,Male,1/31/2021,65548244,65,2,38.95,77.9,Saudi Arabia,Mobile
1206,Male,1/31/2021,26436713,61,1,70.34,70.34,India,Computer
8716,Male,02-01-2021,37532968,36,3,48.16,144.48,Canada,Computer
1541,Female,02-02-2021,44030981,68,3,32.68,98.04,Turkey,Computer
1726,Female,02-02-2021,60815733,28,3,5.32,15.96,Canada,Mobile
4641,Male,02-03-2021,73482929,74,1,33.51,33.51,Argentina,Computer
8849,Male,02-04-2021,94380227,17,2,18.86,37.72,United States,Computer
7660,Male,02-04-2021,56254030,96,2,36.96,73.92,France,Computer
2588,Male,02-05-2021,52715756,50,3,50.71,152.13,Spain,Computer
5726,Female,02-05-2021,28390100,70,1,63.88,63.88,Indonesia,Computer
6824,Female,02-06-2021,78263653,98,1,85.04,85.04,Australia,Computer
7347,Female,02-07-2021,77086494,33,2,28.56,57.12,South Korea,Computer
7491,Male,02-07-2021,52904675,27,2,72.93,145.86,Germany,Mobile
9791,Male,02-08-2021,62915588,76,2,76.67,153.34,India,Mobile
6879,Female,02-09-2021,79199934,100,1,98.59,98.59,Japan,Computer
6682,Female,02-09-2021,52795812,17,3,18.86,56.58,India,Mobile
3946,Female,02-10-2021,61717583,95,3,50.48,151.44,Taiwan,Computer
2585,Male,02-10-2021,32697623,10,3,19.34,58.02,India,Computer
2428,Male,02-10-2021,99277270,91,3,67.48,202.44,Mexico,Computer
9404,Male,02-11-2021,99921744,94,3,17.63,52.89,Australia,Computer
7653,Male,02-12-2021,57837717,48,1,31.26,31.26,Germany,Mobile
4310,Female,2/13/2021,74818986,99,3,36.83,110.49,India,Computer
2754,Female,2/14/2021,32304720,14,1,89.76,89.76,Indonesia,Computer
4603,Male,2/14/2021,13794335,19,1,13.2,13.2,Spain,Mobile
9730,Male,2/15/2021,34641548,65,2,38.95,77.9,Australia,Computer
1224,Female,2/15/2021,49707126,7,3,59.68,179.04,Italy,Computer
8150,Male,2/15/2021,61163937,59,3,79.57,238.71,France,Computer
7900,Male,2/16/2021,13777768,39,3,41.61,124.83,Germany,Computer
6121,Female,2/16/2021,27817886,36,2,48.16,96.32,South Korea,Mobile
9625,Male,2/16/2021,76884262,30,1,6.08,6.08,Italy,Computer
4735,Male,2/17/2021,57458884,22,3,41.48,124.44,Mexico,Computer
1322,Female,2/17/2021,18373380,25,1,11.29,11.29,Japan,Mobile
5408,Female,2/18/2021,31564000,98,2,85.04,170.08,Germany,Computer
3631,Male,2/18/2021,67320525,65,2,38.95,77.9,South Korea,Computer
4379,Female,2/19/2021,73863867,24,2,99.58,199.16,South Korea,Mobile
3207,Female,2/20/2021,41074205,76,3,76.67,230.01,Japan,Computer
7568,Female,2/20/2021,41055121,5,1,11.97,11.97,United Kingdom,Computer
2501,Male,2/21/2021,43890834,77,1,20.4,20.4,India,Computer
3080,Female,2/21/2021,11140552,21,1,98.91,98.91,Mexico,Computer
3279,Male,2/22/2021,20624046,100,2,98.59,197.18,Italy,Mobile
6579,Male,2/22/2021,38127917,31,3,43.5,130.5,France,Computer
2290,Female,2/22/2021,87241721,7,1,59.68,59.68,China,Computer
5824,Male,2/23/2021,83192284,66,2,56.01,112.02,Spain,Computer
4973,Female,2/24/2021,83073347,11,2,4.31,8.62,Canada,Computer
8918,Female,2/24/2021,13172757,89,1,37.61,37.61,Belgium,Computer
4202,Female,2/24/2021,76195731,25,2,11.29,22.58,United Kingdom,Computer
4790,Female,2/25/2021,43885613,50,3,50.71,152.13,Germany,Computer
4467,Male,2/25/2021,70377986,60,3,91.28,273.84,India,Computer
1243,Female,2/25/2021,60019011,19,1,13.2,13.2,Japan,Computer
9592,Male,2/25/2021,35857367,40,2,89.85,179.7,Turkey,Computer
6392,Female,2/26/2021,90426665,42,2,74.77,149.54,United Kingdom,Computer
3215,Male,2/27/2021,62510610,9,1,73.83,73.83,Australia,Computer
9182,Male,2/27/2021,17675279,36,3,48.16,144.48,Japan,Computer
8184,Male,2/28/2021,81309503,91,2,67.48,134.96,Belgium,Computer
7080,Male,2/28/2021,55230475,71,1,57.53,57.53,Russia,Mobile
5352,Male,2/28/2021,97042969,88,2,40.95,81.9,Russia,Computer
1916,Male,03-01-2021,30716230,78,2,19.66,39.32,Germany,Computer
9064,Male,03-02-2021,13487230,59,2,79.57,159.14,Mexico,Computer
8361,Male,03-03-2021,24248196,98,2,85.04,170.08,Iran,Computer
6144,Male,03-03-2021,41018758,99,1,36.83,36.83,Canada,Computer
9857,Female,03-04-2021,82668334,15,3,6.32,18.96,France,Computer
7930,Female,03-04-2021,77348143,36,3,48.16,144.48,Canada,Mobile
5549,Female,03-05-2021,18283180,41,1,32.33,32.33,Japan,Computer
8544,Female,03-06-2021,18483238,21,3,98.91,296.73,Belgium,Mobile
6184,Male,03-06-2021,68476845,86,3,93.47,280.41,India,Computer
8988,Male,03-07-2021,70648730,99,1,36.83,36.83,South Korea,Mobile
3666,Female,03-08-2021,35480508,100,2,98.59,197.18,Japan,Computer
7962,Male,03-08-2021,12962663,63,2,57.12,114.24,Taiwan,Computer
6732,Male,03-09-2021,56365339,17,3,18.86,56.58,Canada,Computer
1156,Male,03-09-2021,62239579,95,1,50.48,50.48,United States,Mobile
8554,Male,03-09-2021,24930640,73,1,30.57,30.57,Taiwan,Computer
7643,Male,03-10-2021,71933136,92,1,58.5,58.5,South Korea,Computer
7213,Male,03-11-2021,35781389,41,2,32.33,64.66,Italy,Computer
3722,Male,03-11-2021,67741832,13,1,41.29,41.29,Germany,Computer
8198,Female,03-12-2021,99023867,81,1,52.96,52.96,Vietnam,Computer
4033,Female,03-12-2021,71262219,92,1,58.5,58.5,Russia,Computer
4524,Female,3/13/2021,64597140,25,1,11.29,11.29,South Korea,Mobile
9785,Male,3/13/2021,48148893,18,2,1.97,3.94,Netherlands,Computer
7063,Female,3/13/2021,12465776,23,3,95.72,287.16,Italy,Computer
3982,Male,3/14/2021,97539087,39,3,41.61,124.83,Canada,Computer
4043,Female,3/14/2021,83872827,87,3,50.56,151.68,South Korea,Computer
6300,Male,3/15/2021,84734447,10,2,19.34,38.68,Russia,Computer
8961,Female,3/15/2021,98459076,94,1,17.63,17.63,Netherlands,Mobile
1665,Male,3/15/2021,37973689,84,3,32.88,98.64,Japan,Computer
8446,Male,3/16/2021,95878461,99,2,36.83,73.66,Russia,Mobile
3054,Male,3/16/2021,65543293,38,2,26.03,52.06,India,Mobile
6870,Male,3/16/2021,54794400,30,1,6.08,6.08,Japan,Mobile
9594,Male,3/17/2021,39049113,60,3,91.28,273.84,China,Computer
7641,Female,3/18/2021,21853775,86,1,93.47,93.47,Germany,Computer
2267,Female,3/19/2021,83115969,67,3,17.22,51.66,Italy,Mobile
7381,Male,3/19/2021,79598882,79,3,33.28,99.84,United States,Mobile
4474,Male,3/19/2021,13818320,73,1,30.57,30.57,Canada,Computer
8354,Female,3/20/2021,35065171,47,1,64.64,64.64,Brazil,Computer
1279,Male,3/21/2021,59123689,67,3,17.22,51.66,India,Computer
9847,Male,3/21/2021,48425307,19,2,13.2,26.4,Italy,Computer
1721,Male,3/21/2021,15361443,44,2,52.78,105.56,United States,Mobile
1577,Female,3/22/2021,63821917,27,3,72.93,218.79,China,Computer
5193,Male,3/23/2021,68676799,93,2,67.46,134.92,Spain,Mobile
4708,Female,3/24/2021,39341351,26,1,34.43,34.43,Brazil,Mobile
1695,Male,3/24/2021,53638550,40,3,89.85,269.55,India,Computer
2780,Male,3/24/2021,55642460,90,2,21.51,43.02,Germany,Computer
7451,Female,3/24/2021,19966292,43,1,30.66,30.66,Spain,Computer
6375,Female,3/24/2021,48884637,98,3,85.04,255.12,South Korea,Computer
4160,Female,3/25/2021,83788352,90,1,21.51,21.51,Philippines,Mobile
8347,Male,3/25/2021,43334883,100,1,98.59,98.59,United Kingdom,Computer
3626,Male,3/26/2021,12540087,21,1,98.91,98.91,United Kingdom,Computer
9498,Female,3/26/2021,22433108,90,3,21.51,64.53,Australia,Computer
2448,Male,3/27/2021,62163160,13,3,41.29,123.87,Japan,Mobile
2258,Female,3/27/2021,44003093,17,1,18.86,18.86,Poland,Computer
2964,Male,3/28/2021,74734505,57,2,13.08,26.16,Canada,Computer
1873,Male,3/29/2021,53928701,8,3,67.18,201.54,Switzerland,Computer
6717,Male,3/30/2021,47528146,74,1,33.51,33.51,France,Mobile
9829,Female,3/30/2021,71060225,16,3,39.33,117.99,China,Computer
2467,Male,3/30/2021,83111462,82,2,5.82,11.64,Taiwan,Mobile
9564,Female,3/31/2021,71254248,23,1,95.72,95.72,Germany,Computer
9777,Male,04-01-2021,58412693,82,2,5.82,11.64,Indonesia,Mobile
5160,Male,04-01-2021,21839835,1,2,81.91,163.82,Italy,Computer
6656,Male,04-02-2021,30621770,52,3,20.15,60.45,Mexico,Computer
5818,Female,04-02-2021,17524212,40,1,89.85,89.85,Japan,Computer
4811,Female,04-03-2021,83814977,29,1,1.91,1.91,Japan,Computer
5136,Male,04-03-2021,87599192,36,2,48.16,96.32,Italy,Computer
5700,Male,04-04-2021,36499986,41,3,32.33,96.99,Thailand,Computer
3748,Male,04-05-2021,17541230,73,2,30.57,61.14,Italy,Mobile
9643,Male,04-05-2021,80602719,90,3,21.51,64.53,Switzerland,Computer
1733,Male,04-06-2021,45161490,92,2,58.5,117,China,Mobile
3172,Male,04-06-2021,36054894,87,1,50.56,50.56,Australia,Computer
6397,Male,04-06-2021,65210345,45,1,3.67,3.67,Russia,Mobile
5462,Male,04-07-2021,43133613,32,1,91.37,91.37,Italy,Computer
8816,Female,04-08-2021,43760779,66,1,56.01,56.01,Saudi Arabia,Computer
3321,Male,04-09-2021,41015094,71,1,57.53,57.53,United Kingdom,Computer
7107,Male,04-09-2021,68907816,63,1,57.12,57.12,Canada,Computer
4144,Female,04-09-2021,22257719,14,3,89.76,269.28,Egypt,Computer
4427,Male,04-10-2021,51262172,9,3,73.83,221.49,Saudi Arabia,Mobile
6481,Male,04-11-2021,51814978,85,2,68.31,136.62,Spain,Computer
2565,Male,04-11-2021,60544695,65,1,38.95,38.95,India,Computer
1694,Female,04-12-2021,15831756,2,1,33.11,33.11,China,Computer
2602,Female,04-12-2021,68204970,57,2,13.08,26.16,France,Computer
9805,Male,4/13/2021,38184392,24,3,99.58,298.74,Nigeria,Computer
9860,Male,4/13/2021,80187157,99,2,36.83,73.66,Spain,Mobile
7170,Male,4/13/2021,90887536,91,3,67.48,202.44,Australia,Computer
5780,Female,4/14/2021,23777738,48,3,31.26,93.78,Turkey,Computer
8597,Male,4/14/2021,97621345,49,3,99.72,299.16,Italy,Computer
4773,Female,4/15/2021,89635492,11,3,4.31,12.93,Canada,Computer
7895,Female,4/15/2021,27185422,96,1,36.96,36.96,Philippines,Computer
6751,Male,4/15/2021,74852259,75,1,32.34,32.34,Poland,Mobile
5021,Male,4/16/2021,14718704,46,1,9.88,9.88,Indonesia,Computer
9029,Male,4/17/2021,25456136,85,1,68.31,68.31,United States,Computer
9570,Male,4/17/2021,80817997,24,3,99.58,298.74,Indonesia,Mobile
1706,Male,4/18/2021,32517657,34,2,48.24,96.48,Germany,Mobile
2677,Male,4/18/2021,98276037,51,2,50.59,101.18,Japan,Computer
3968,Male,4/19/2021,20460420,38,2,26.03,52.06,Taiwan,Mobile
9866,Female,4/20/2021,66663036,15,2,6.32,12.64,China,Computer
6189,Male,4/20/2021,89818926,62,2,81.46,162.92,Germany,Computer
1610,Male,4/21/2021,12831717,69,1,96.47,96.47,Brazil,Computer
5489,Male,4/22/2021,92882529,61,1,70.34,70.34,India,Computer
4958,Female,4/22/2021,61368102,75,2,32.34,64.68,Canada,Computer
6104,Male,4/23/2021,92146389,65,2,38.95,77.9,Italy,Mobile
5622,Male,4/24/2021,85823561,90,3,21.51,64.53,Indonesia,Mobile
9570,Male,4/24/2021,65549278,46,2,9.88,19.76,Vietnam,Mobile
1137,Male,4/24/2021,80030699,40,2,89.85,179.7,Poland,Computer
1189,Female,4/25/2021,65801965,31,2,43.5,87,United Kingdom,Computer
5103,Male,4/26/2021,17973309,72,3,3.55,10.65,Poland,Mobile
2752,Female,4/26/2021,61727419,64,2,35.23,70.46,Philippines,Computer
8596,Female,4/27/2021,52473884,46,2,9.88,19.76,India,Mobile
4903,Male,4/27/2021,56255067,99,3,36.83,110.49,Canada,Mobile
3604,Male,4/28/2021,84745305,64,1,35.23,35.23,Australia,Computer
3647,Female,4/29/2021,60731274,74,3,33.51,100.53,Canada,Computer
1278,Male,4/29/2021,52762037,15,1,6.32,6.32,United States,Mobile
4012,Male,4/29/2021,53872003,6,2,8.07,16.14,United Kingdom,Computer
4636,Male,4/30/2021,97643659,70,3,63.88,191.64,Indonesia,Computer
8103,Female,4/30/2021,65442652,97,2,56.74,113.48,Belgium,Computer
4144,Female,05-01-2021,36216681,48,2,31.26,62.52,Italy,Mobile
7316,Male,05-02-2021,12716278,50,2,50.71,101.42,Canada,Computer
2680,Male,05-02-2021,32770257,40,2,89.85,179.7,United States,Mobile
8859,Male,05-03-2021,64937640,67,3,17.22,51.66,China,Computer
3442,Male,05-03-2021,57158016,7,3,59.68,179.04,China,Computer
7361,Male,05-04-2021,57962705,26,3,34.43,103.29,Germany,Computer
6020,Female,05-04-2021,25851567,8,3,67.18,201.54,Canada,Computer
5546,Male,05-05-2021,67293041,48,3,31.26,93.78,Poland,Computer
4935,Male,05-05-2021,47792605,17,1,18.86,18.86,China,Computer
6639,Male,05-06-2021,49241809,11,2,4.31,8.62,Argentina,Computer
8543,Male,05-06-2021,20932316,56,2,87.34,174.68,Mexico,Mobile
3545,Male,05-06-2021,66497862,31,3,43.5,130.5,Japan,Computer
9846,Male,05-06-2021,38273718,50,2,50.71,101.42,Netherlands,Computer
9613,Male,05-06-2021,62660742,20,2,81.89,163.78,Netherlands,Computer
4819,Male,05-07-2021,27036221,66,1,56.01,56.01,Italy,Mobile
8564,Male,05-08-2021,74398253,65,1,38.95,38.95,Turkey,Computer
6944,Male,05-08-2021,19851496,67,3,17.22,51.66,Russia,Mobile
9962,Female,05-08-2021,80017672,23,1,95.72,95.72,Italy,Computer
3175,Male,05-09-2021,86755219,72,1,3.55,3.55,Taiwan,Computer
9641,Female,05-10-2021,21251355,22,1,41.48,41.48,Turkey,Mobile
4121,Male,05-11-2021,88145286,98,3,85.04,255.12,United States,Computer
3156,Male,05-12-2021,97249396,99,1,36.83,36.83,Russia,Computer
1565,Female,05-12-2021,64688995,44,1,52.78,52.78,Canada,Computer
7628,Male,5/13/2021,55979383,71,3,57.53,172.59,United States,Computer
6993,Male,5/14/2021,11860633,28,2,5.32,10.64,China,Mobile
2823,Female,5/14/2021,92621391,28,2,5.32,10.64,Egypt,Computer
2298,Male,5/14/2021,77321278,40,1,89.85,89.85,France,Computer
4267,Female,5/14/2021,86471145,12,2,86.11,172.22,Canada,Computer
7103,Male,5/15/2021,28379389,57,2,13.08,26.16,United Kingdom,Computer
4642,Female,5/15/2021,56078670,67,1,17.22,17.22,United States,Mobile
3483,Male,5/16/2021,86448424,37,1,11.5,11.5,France,Computer
2347,Female,5/16/2021,37090150,98,1,85.04,85.04,Japan,Mobile
8974,Male,5/16/2021,65212354,5,3,11.97,35.91,South Korea,Mobile
2835,Male,5/17/2021,22455498,83,3,1.22,3.66,United States,Computer
4647,Male,5/17/2021,94417532,68,1,32.68,32.68,France,Computer
9631,Male,5/18/2021,24328126,81,2,52.96,105.92,Taiwan,Computer
7564,Female,5/19/2021,52598917,4,3,32.43,97.29,China,Mobile
3581,Female,5/20/2021,20850641,83,3,1.22,3.66,United States,Mobile
4218,Male,5/20/2021,66611975,74,3,33.51,100.53,Indonesia,Mobile
6015,Female,5/20/2021,40725269,38,2,26.03,52.06,Australia,Mobile
3326,Male,5/21/2021,39332577,13,2,41.29,82.58,United Kingdom,Computer
7086,Male,5/21/2021,76627797,76,1,76.67,76.67,France,Computer
7808,Female,5/21/2021,57052424,72,2,3.55,7.1,Italy,Mobile
5002,Male,5/21/2021,47346734,7,2,59.68,119.36,Brazil,Computer
8816,Female,5/22/2021,78777085,93,2,67.46,134.92,Indonesia,Computer
8413,Female,5/22/2021,56312471,40,3,89.85,269.55,Canada,Mobile
4579,Female,5/22/2021,45048571,99,2,36.83,73.66,France,Computer
5759,Male,5/23/2021,55175393,5,1,11.97,11.97,Italy,Computer
7292,Female,5/24/2021,74536793,69,1,96.47,96.47,Switzerland,Mobile
3437,Male,5/25/2021,65342009,1,1,81.91,81.91,South Korea,Mobile
4531,Male,5/25/2021,17109633,52,3,20.15,60.45,Russia,Mobile
4964,Male,5/25/2021,69954933,70,1,63.88,63.88,Russia,Computer
4041,Female,5/26/2021,26109717,26,3,34.43,103.29,Italy,Mobile
6229,Male,5/26/2021,31449470,22,2,41.48,82.96,Nigeria,Computer
6526,Male,5/26/2021,99896796,83,3,1.22,3.66,Egypt,Computer
7071,Male,5/27/2021,41905571,49,1,99.72,99.72,United States,Computer
8430,Male,5/28/2021,27907950,66,1,56.01,56.01,Belgium,Computer
3840,Male,5/28/2021,51473476,70,1,63.88,63.88,Russia,Mobile
9952,Male,5/28/2021,50048708,30,1,6.08,6.08,Spain,Computer
7589,Male,5/28/2021,24837928,94,2,17.63,35.26,China,Computer
3426,Male,5/29/2021,61318079,56,2,87.34,174.68,Brazil,Computer
6335,Female,5/30/2021,42134706,70,2,63.88,127.76,Canada,Computer
2045,Male,5/30/2021,74297678,61,3,70.34,211.02,India,Computer
8123,Female,5/31/2021,78486348,100,3,98.59,295.77,South Korea,Computer
7709,Male,06-01-2021,27019437,32,3,91.37,274.11,Italy,Mobile
5741,Male,06-02-2021,38604226,84,1,32.88,32.88,United Kingdom,Computer
7153,Male,06-03-2021,76832544,37,2,11.5,23,Brazil,Computer
5526,Female,06-04-2021,17951171,58,2,74.55,149.1,Netherlands,Computer
5557,Male,06-04-2021,35415433,17,2,18.86,37.72,United Kingdom,Computer
7450,Male,06-04-2021,28339548,92,2,58.5,117,France,Computer
7316,Male,06-05-2021,76954231,19,1,13.2,13.2,Vietnam,Mobile
8390,Female,06-05-2021,77898844,19,3,13.2,39.6,United Kingdom,Mobile
6508,Female,06-06-2021,95705719,2,3,33.11,99.33,United Kingdom,Computer
1603,Female,06-06-2021,78298705,37,2,11.5,23,Turkey,Computer
3579,Female,06-07-2021,21810975,50,1,50.71,50.71,India,Computer
3282,Female,06-07-2021,31912187,9,2,73.83,147.66,Argentina,Mobile
3890,Female,06-08-2021,48953707,42,3,74.77,224.31,Canada,Mobile
5822,Female,06-09-2021,51525261,9,3,73.83,221.49,Canada,Mobile
5707,Female,06-10-2021,78249789,57,1,13.08,13.08,Turkey,Computer
8489,Male,06-11-2021,95954338,70,1,63.88,63.88,Saudi Arabia,Computer
8245,Male,06-11-2021,44362614,92,3,58.5,175.5,Taiwan,Computer
4558,Male,06-12-2021,49205020,82,3,5.82,17.46,South Korea,Computer
7550,Female,06-12-2021,89087217,16,3,39.33,117.99,Thailand,Computer
4571,Male,06-12-2021,54858296,46,2,9.88,19.76,Canada,Computer
2262,Male,6/13/2021,27734133,44,1,52.78,52.78,France,Computer
7689,Male,6/13/2021,54989610,2,3,33.11,99.33,Spain,Computer
6926,Male,6/14/2021,47547785,73,2,30.57,61.14,South Korea,Computer
1948,Female,6/14/2021,42900887,1,2,81.91,163.82,Taiwan,Mobile
9455,Female,6/15/2021,11287152,71,3,57.53,172.59,China,Computer
7304,Male,6/16/2021,53239157,11,1,4.31,4.31,Spain,Computer
8990,Female,6/16/2021,56652781,76,1,76.67,76.67,United Kingdom,Mobile
8284,Female,6/16/2021,65310318,86,2,93.47,186.94,South Korea,Computer
5143,Female,6/16/2021,50809462,23,3,95.72,287.16,Germany,Computer
9203,Male,6/16/2021,32027286,97,3,56.74,170.22,United States,Mobile
8011,Male,6/16/2021,85815544,69,1,96.47,96.47,Mexico,Computer
2128,Male,6/17/2021,97466067,56,3,87.34,262.02,India,Computer
4671,Female,6/17/2021,57763926,77,3,20.4,61.2,Taiwan,Mobile
6226,Female,6/18/2021,22739921,6,3,8.07,24.21,Turkey,Computer
4881,Male,6/18/2021,16002802,32,3,91.37,274.11,Japan,Mobile
8690,Female,6/19/2021,56264115,71,1,57.53,57.53,Canada,Computer
8417,Male,6/20/2021,37564087,85,2,68.31,136.62,Thailand,Computer
3728,Female,6/21/2021,90913249,64,3,35.23,105.69,Iran,Computer
6758,Male,6/22/2021,77120835,89,3,37.61,112.83,Spain,Computer
2481,Female,6/22/2021,32657594,56,1,87.34,87.34,Italy,Computer
7252,Female,6/23/2021,42574844,68,1,32.68,32.68,Brazil,Computer
2297,Male,6/24/2021,86701923,13,1,41.29,41.29,United Kingdom,Computer
9967,Female,6/24/2021,64383615,27,1,72.93,72.93,Japan,Computer
9887,Male,6/25/2021,14211630,15,1,6.32,6.32,India,Computer
8931,Male,6/26/2021,56531163,68,2,32.68,65.36,Japan,Mobile
8451,Male,6/26/2021,77502711,98,2,85.04,170.08,United States,Computer
8164,Male,6/27/2021,92517910,74,3,33.51,100.53,Poland,Mobile
8912,Male,6/27/2021,31751327,49,2,99.72,199.44,Indonesia,Mobile
2117,Male,6/28/2021,23012298,98,2,85.04,170.08,Italy,Computer
4331,Female,6/29/2021,12988449,94,1,17.63,17.63,Russia,Computer
2265,Male,6/29/2021,13023898,81,2,52.96,105.92,United States,Computer
5523,Male,6/30/2021,77683469,25,1,11.29,11.29,United Kingdom,Mobile
2276,Male,6/30/2021,40173181,65,1,38.95,38.95,China,Mobile
7335,Male,07-01-2021,34716717,74,3,33.51,100.53,India,Computer
6630,Female,07-02-2021,33114894,98,3,85.04,255.12,Japan,Computer
7097,Male,07-03-2021,96605542,16,2,39.33,78.66,Mexico,Computer
7616,Male,07-03-2021,44087018,48,1,31.26,31.26,Taiwan,Computer
1206,Male,07-04-2021,27520719,10,2,19.34,38.68,Saudi Arabia,Computer
8031,Female,07-04-2021,81219381,28,1,5.32,5.32,Vietnam,Mobile
1130,Male,07-05-2021,91074776,95,3,50.48,151.44,Brazil,Computer
1936,Female,07-06-2021,90652908,32,1,91.37,91.37,Switzerland,Computer
8200,Female,07-06-2021,58561275,95,1,50.48,50.48,Taiwan,Computer
3572,Male,07-06-2021,62725223,51,3,50.59,151.77,Spain,Mobile
1149,Female,07-07-2021,93148820,20,3,81.89,245.67,Vietnam,Computer
4637,Male,07-07-2021,14995889,75,2,32.34,64.68,Saudi Arabia,Computer
9489,Male,07-08-2021,71754380,1,3,81.91,245.73,Spain,Computer
8373,Male,07-09-2021,70164013,56,2,87.34,174.68,India,Computer
7681,Male,07-09-2021,16591405,33,3,28.56,85.68,South Korea,Computer
7283,Female,07-10-2021,18453953,87,2,50.56,101.12,Mexico,Computer
7707,Male,07-10-2021,72130209,79,3,33.28,99.84,Indonesia,Computer
2407,Male,07-11-2021,41071773,61,1,70.34,70.34,Japan,Computer
7451,Female,07-11-2021,55892653,96,1,36.96,36.96,Turkey,Computer
1556,Male,07-12-2021,44807342,80,1,77.64,77.64,United States,Mobile
9241,Male,7/13/2021,72172471,76,1,76.67,76.67,Italy,Computer
7209,Female,7/14/2021,43526121,73,3,30.57,91.71,Mexico,Computer
2682,Male,7/14/2021,39082477,62,3,81.46,244.38,Italy,Mobile
2603,Male,7/14/2021,45194857,84,2,32.88,65.76,Brazil,Computer
1712,Male,7/14/2021,14348573,5,1,11.97,11.97,Poland,Computer
8235,Male,7/15/2021,86140123,96,3,36.96,110.88,Turkey,Mobile
1797,Male,7/15/2021,30484436,19,1,13.2,13.2,Japan,Mobile
6013,Male,7/16/2021,78701561,95,2,50.48,100.96,United Kingdom,Mobile
4807,Male,7/17/2021,47351814,76,3,76.67,230.01,South Korea,Computer
6017,Male,7/17/2021,65775084,96,3,36.96,110.88,Japan,Computer
8086,Female,7/18/2021,96079964,56,3,87.34,262.02,United States,Mobile
5852,Male,7/18/2021,26190390,73,2,30.57,61.14,Canada,Mobile
7643,Male,7/19/2021,23241761,94,3,17.63,52.89,Taiwan,Computer
8131,Male,7/19/2021,62027660,3,2,97.19,194.38,Thailand,Computer
3797,Female,7/19/2021,95597505,15,3,6.32,18.96,South Korea,Computer
4386,Female,7/20/2021,19913882,3,1,97.19,97.19,Mexico,Mobile
3057,Male,7/21/2021,60288659,51,1,50.59,50.59,Canada,Computer
2763,Male,7/22/2021,54903829,24,2,99.58,199.16,Japan,Computer
2834,Male,7/22/2021,17328157,96,3,36.96,110.88,India,Mobile
4482,Male,7/23/2021,88707627,69,1,96.47,96.47,United States,Mobile
1829,Male,7/23/2021,77968658,93,3,67.46,202.38,Switzerland,Computer
5679,Male,7/24/2021,43507488,9,3,73.83,221.49,Egypt,Computer
8034,Female,7/24/2021,94364669,15,3,6.32,18.96,Canada,Computer
9814,Male,7/25/2021,29841555,23,2,95.72,191.44,Taiwan,Computer
8714,Female,7/26/2021,19921298,91,1,67.48,67.48,United States,Computer
5618,Male,7/26/2021,14559392,97,1,56.74,56.74,Japan,Computer
2174,Female,7/26/2021,88543213,6,1,8.07,8.07,Italy,Mobile
5092,Male,7/27/2021,35240088,12,3,86.11,258.33,South Korea,Mobile
5987,Male,7/27/2021,56122188,23,2,95.72,191.44,South Korea,Computer
9249,Female,7/28/2021,28054772,39,2,41.61,83.22,United States,Computer
7744,Male,7/28/2021,52174060,96,1,36.96,36.96,France,Computer
7732,Male,7/28/2021,94155203,89,3,37.61,112.83,South Korea,Computer
4377,Male,7/28/2021,99800446,29,1,1.91,1.91,Belgium,Mobile
6330,Male,7/29/2021,38766684,96,1,36.96,36.96,United Kingdom,Mobile
5153,Male,7/30/2021,79606572,64,3,35.23,105.69,Germany,Computer
2854,Male,7/31/2021,99752322,51,3,50.59,151.77,Russia,Mobile
8001,Male,7/31/2021,79760189,43,2,30.66,61.32,China,Computer
1503,Female,7/31/2021,42260382,92,2,58.5,117,Taiwan,Computer
5661,Male,08-01-2021,25290214,41,1,32.33,32.33,Spain,Computer
4836,Male,08-01-2021,78111311,32,3,91.37,274.11,Vietnam,Mobile
6137,Female,08-02-2021,45557584,90,1,21.51,21.51,United Kingdom,Mobile
7628,Male,08-03-2021,97457871,20,2,81.89,163.78,United States,Computer
7680,Male,08-03-2021,15968991,58,2,74.55,149.1,France,Computer
6024,Female,08-04-2021,31649005,26,1,34.43,34.43,South Korea,Computer
2953,Male,08-04-2021,97022105,48,3,31.26,93.78,Japan,Computer
4501,Male,08-04-2021,32190369,41,1,32.33,32.33,India,Computer
1801,Female,08-05-2021,67228027,25,2,11.29,22.58,Australia,Computer
5323,Female,08-05-2021,17061892,9,2,73.83,147.66,Germany,Computer
9105,Female,08-06-2021,43210210,79,1,33.28,33.28,South Korea,Computer
8604,Female,08-06-2021,43095272,79,3,33.28,99.84,Switzerland,Computer
4022,Male,08-06-2021,54967671,63,1,57.12,57.12,Turkey,Computer
5747,Male,08-06-2021,75856001,28,2,5.32,10.64,France,Mobile
1475,Male,08-07-2021,49675511,26,2,34.43,68.86,Italy,Computer
1227,Male,08-08-2021,15810688,86,1,93.47,93.47,United States,Mobile
2510,Male,08-08-2021,17377154,3,2,97.19,194.38,Australia,Mobile
1180,Female,08-08-2021,70716356,93,3,67.46,202.38,Australia,Computer
3065,Male,08-09-2021,12397139,10,3,19.34,58.02,Italy,Computer
7763,Male,08-09-2021,69998798,14,2,89.76,179.52,India,Computer
2877,Male,08-10-2021,31300676,63,2,57.12,114.24,Canada,Computer
9184,Male,08-10-2021,82170239,1,2,81.91,163.82,Brazil,Mobile
7496,Female,08-10-2021,33223351,66,2,56.01,112.02,Indonesia,Computer
3165,Female,08-11-2021,26268712,53,3,7.51,22.53,Italy,Computer
7794,Male,08-12-2021,53339353,17,1,18.86,18.86,France,Mobile
5703,Male,8/13/2021,89068108,44,2,52.78,105.56,Argentina,Mobile
9828,Female,8/13/2021,49006614,82,2,5.82,11.64,Germany,Computer
9582,Female,8/14/2021,88199191,64,2,35.23,70.46,Japan,Mobile
6456,Female,8/14/2021,63570065,69,3,96.47,289.41,United Kingdom,Computer
9982,Male,8/15/2021,66448880,3,1,97.19,97.19,United Kingdom,Computer
1816,Male,8/15/2021,72559760,23,2,95.72,191.44,Belgium,Computer
7701,Male,8/16/2021,98147306,25,2,11.29,22.58,Vietnam,Computer
7813,Female,8/17/2021,54131027,100,3,98.59,295.77,Spain,Computer
2031,Male,8/17/2021,96578473,64,3,35.23,105.69,Taiwan,Mobile
4026,Male,8/18/2021,76084704,80,1,77.64,77.64,United Kingdom,Computer
3960,Male,8/19/2021,14088022,48,3,31.26,93.78,South Korea,Computer
5808,Male,8/19/2021,95981596,28,3,5.32,15.96,Spain,Computer
4415,Male,8/20/2021,46974935,17,3,18.86,56.58,Philippines,Computer
9608,Male,8/21/2021,73894522,69,1,96.47,96.47,Italy,Computer
5916,Female,8/21/2021,25410845,87,1,50.56,50.56,United States,Computer
8977,Male,8/22/2021,40438243,39,2,41.61,83.22,Saudi Arabia,Computer
1600,Male,8/22/2021,23063388,63,2,57.12,114.24,Switzerland,Computer
2872,Male,8/23/2021,59301677,96,3,36.96,110.88,Japan,Computer
4433,Male,8/24/2021,14052529,1,2,81.91,163.82,Thailand,Computer
2284,Male,8/24/2021,54364769,93,2,67.46,134.92,Thailand,Computer
5609,Male,8/24/2021,47348239,81,1,52.96,52.96,United States,Computer
4172,Male,8/24/2021,15147706,29,3,1.91,5.73,Australia,Computer
4239,Male,8/25/2021,51641953,78,1,19.66,19.66,Russia,Computer
5496,Female,8/26/2021,43376798,71,1,57.53,57.53,United States,Mobile
5922,Male,8/26/2021,84922956,54,2,90.78,181.56,India,Computer
7844,Male,8/27/2021,80515783,53,1,7.51,7.51,Mexico,Mobile
1942,Female,8/27/2021,16836099,82,3,5.82,17.46,India,Computer
6311,Male,8/28/2021,19347294,69,2,96.47,192.94,Spain,Computer
7940,Male,8/29/2021,16914218,65,1,38.95,38.95,Turkey,Computer
6087,Male,8/30/2021,35818807,48,1,31.26,31.26,France,Computer
5092,Male,8/30/2021,51843781,38,3,26.03,78.09,Japan,Computer
2649,Male,8/31/2021,83008307,60,1,91.28,91.28,Mexico,Computer
3701,Male,8/31/2021,82058599,40,3,89.85,269.55,Indonesia,Computer
8234,Male,8/31/2021,91176016,58,2,74.55,149.1,India,Computer
4399,Male,09-01-2021,32223646,33,1,28.56,28.56,Italy,Computer
6467,Female,09-02-2021,89389393,48,1,31.26,31.26,China,Computer
6679,Male,09-02-2021,89809652,97,2,56.74,113.48,South Korea,Computer
1527,Male,09-02-2021,33285133,49,2,99.72,199.44,Japan,Computer
2192,Male,09-03-2021,57434388,82,2,5.82,11.64,India,Mobile
3656,Female,09-04-2021,46960581,67,2,17.22,34.44,United Kingdom,Computer
2138,Male,09-05-2021,19240027,16,2,39.33,78.66,Poland,Computer
5219,Female,09-05-2021,21738913,27,1,72.93,72.93,Canada,Computer
2135,Female,09-06-2021,58492923,4,3,32.43,97.29,United Kingdom,Computer
1133,Female,09-06-2021,57747156,48,3,31.26,93.78,Canada,Mobile
9947,Male,09-06-2021,85643211,4,1,32.43,32.43,Mexico,Computer
5734,Female,09-06-2021,17141101,6,2,8.07,16.14,Japan,Mobile
3008,Male,09-06-2021,29802774,20,3,81.89,245.67,India,Computer
1620,Female,09-07-2021,53091392,49,2,99.72,199.44,Indonesia,Computer
2554,Female,09-07-2021,49194079,7,2,59.68,119.36,Russia,Computer
5742,Male,09-08-2021,51259624,23,1,95.72,95.72,United Kingdom,Computer
2019,Male,09-09-2021,64393909,10,1,19.34,19.34,France,Mobile
1152,Female,09-09-2021,88648890,1,3,81.91,245.73,Germany,Mobile
7453,Male,09-09-2021,54286611,16,3,39.33,117.99,Germany,Mobile
7324,Female,09-09-2021,18553899,86,1,93.47,93.47,Switzerland,Computer
9716,Male,09-10-2021,83722626,4,3,32.43,97.29,Turkey,Computer
2749,Male,09-11-2021,87070657,97,1,56.74,56.74,South Korea,Computer
6024,Female,09-12-2021,26027355,92,3,58.5,175.5,India,Computer
1647,Female,09-12-2021,74703477,49,3,99.72,299.16,United Kingdom,Computer
1983,Female,9/13/2021,94610528,21,2,98.91,197.82,United States,Mobile
1941,Male,9/13/2021,73573144,95,3,50.48,151.44,Canada,Computer
7515,Male,9/14/2021,80292701,60,3,91.28,273.84,Turkey,Mobile
3413,Female,9/14/2021,72185888,46,3,9.88,29.64,Iran,Mobile
1801,Female,9/15/2021,35953234,4,1,32.43,32.43,Taiwan,Computer
1927,Male,9/15/2021,44849460,22,1,41.48,41.48,China,Computer
6059,Male,9/15/2021,58793519,75,3,32.34,97.02,India,Computer
6474,Female,9/16/2021,60986845,26,2,34.43,68.86,China,Computer
8422,Male,9/17/2021,77403615,92,2,58.5,117,South Korea,Computer
6609,Female,9/17/2021,73478651,5,3,11.97,35.91,Germany,Computer
4052,Female,9/18/2021,98211678,6,2,8.07,16.14,Indonesia,Computer
6366,Female,9/18/2021,72801649,28,2,5.32,10.64,Germany,Computer
9080,Male,9/19/2021,21666774,49,1,99.72,99.72,Indonesia,Computer
6361,Male,9/20/2021,29545914,38,3,26.03,78.09,United States,Computer
4483,Female,9/20/2021,27574366,47,3,64.64,193.92,United Kingdom,Computer
2655,Male,9/20/2021,77770898,92,1,58.5,58.5,Nigeria,Computer
6173,Male,9/21/2021,98363900,78,3,19.66,58.98,Turkey,Computer
4640,Female,9/21/2021,75663165,95,3,50.48,151.44,United States,Mobile
8905,Male,9/22/2021,68637096,26,2,34.43,68.86,United Kingdom,Computer
2150,Male,9/22/2021,13482228,83,1,1.22,1.22,South Korea,Computer
2715,Male,9/23/2021,30455584,25,2,11.29,22.58,Italy,Computer
9112,Female,9/23/2021,32720673,80,3,77.64,232.92,Netherlands,Computer
6295,Female,9/23/2021,44561299,33,2,28.56,57.12,Switzerland,Mobile
3227,Male,9/24/2021,25907689,92,2,58.5,117,Japan,Computer
4343,Male,9/24/2021,21543880,93,3,67.46,202.38,Germany,Mobile
8229,Male,9/24/2021,17037820,100,1,98.59,98.59,Japan,Computer
3712,Male,9/25/2021,86985167,95,3,50.48,151.44,Germany,Mobile
8936,Male,9/25/2021,48150547,4,1,32.43,32.43,China,Mobile
1293,Male,9/25/2021,64841753,20,2,81.89,163.78,Egypt,Mobile
3269,Female,9/26/2021,57774679,90,2,21.51,43.02,India,Mobile
5824,Male,9/26/2021,22051202,7,3,59.68,179.04,Brazil,Mobile
9302,Male,9/26/2021,34634706,68,2,32.68,65.36,France,Computer
6244,Female,9/26/2021,86407180,49,3,99.72,299.16,India,Computer
2117,Male,9/26/2021,31817420,74,1,33.51,33.51,Spain,Computer
4421,Male,9/27/2021,83226977,91,3,67.48,202.44,Iran,Computer
9354,Male,9/28/2021,70175592,39,2,41.61,83.22,Nigeria,Computer
1981,Male,9/29/2021,66211124,18,2,1.97,3.94,Iran,Computer
5271,Male,9/29/2021,57746578,23,1,95.72,95.72,France,Mobile
6538,Male,9/30/2021,20414944,50,2,50.71,101.42,France,Computer
4323,Female,10-01-2021,56467058,86,3,93.47,280.41,Brazil,Computer
5984,Male,10-02-2021,33075631,63,2,57.12,114.24,France,Computer
9952,Male,10-02-2021,11399632,52,3,20.15,60.45,Taiwan,Mobile
2259,Male,10-02-2021,68330555,27,3,72.93,218.79,Switzerland,Mobile
3921,Female,10-03-2021,80616236,44,3,52.78,158.34,Iran,Computer
8682,Female,10-03-2021,58373305,72,2,3.55,7.1,Spain,Computer
4875,Male,10-04-2021,19171948,80,1,77.64,77.64,Belgium,Computer
7609,Male,10-05-2021,18451493,30,3,6.08,18.24,China,Computer
3729,Male,10-06-2021,12773585,64,2,35.23,70.46,Germany,Computer
7684,Male,10-06-2021,69959801,77,1,20.4,20.4,Italy,Mobile
9556,Male,10-06-2021,88350679,44,2,52.78,105.56,Philippines,Mobile
1573,Male,10-06-2021,56501792,9,3,73.83,221.49,Germany,Computer
6855,Female,10-07-2021,53844450,90,3,21.51,64.53,Taiwan,Computer
6524,Male,10-08-2021,33558708,88,3,40.95,122.85,Spain,Computer
6000,Female,10-08-2021,78752960,59,2,79.57,159.14,Taiwan,Mobile
7608,Male,10-09-2021,95168265,83,3,1.22,3.66,Canada,Computer
2630,Female,10-09-2021,22345968,56,3,87.34,262.02,Mexico,Mobile
2187,Female,10-09-2021,75776835,61,2,70.34,140.68,Australia,Computer
7489,Female,10-10-2021,32152388,68,3,32.68,98.04,Japan,Computer
3435,Male,10-11-2021,92670065,38,2,26.03,52.06,Mexico,Computer
6891,Male,10-12-2021,84180022,78,1,19.66,19.66,Brazil,Computer
5040,Male,10-12-2021,58124017,83,2,1.22,2.44,China,Mobile
4561,Male,10/13/2021,25021572,11,1,4.31,4.31,United Kingdom,Computer
4360,Male,10/13/2021,25646480,16,3,39.33,117.99,Canada,Computer
8981,Male,10/14/2021,79871631,82,3,5.82,17.46,China,Computer
3724,Female,10/14/2021,43787348,99,2,36.83,73.66,Taiwan,Mobile
5004,Male,10/14/2021,39300068,11,2,4.31,8.62,Netherlands,Computer
3244,Female,10/14/2021,54347484,13,2,41.29,82.58,India,Computer
7156,Male,10/15/2021,80557440,58,1,74.55,74.55,South Korea,Computer
1870,Male,10/15/2021,85395420,38,2,26.03,52.06,Australia,Computer
5449,Female,10/16/2021,25780216,60,1,91.28,91.28,Australia,Mobile
8039,Female,10/17/2021,96530617,54,2,90.78,181.56,Philippines,Computer
1790,Female,10/18/2021,76142056,82,3,5.82,17.46,United States,Computer
1779,Male,10/18/2021,71251090,61,1,70.34,70.34,Japan,Computer
8638,Male,10/19/2021,67477504,98,1,85.04,85.04,Argentina,Mobile
5222,Male,10/19/2021,48950516,75,2,32.34,64.68,United Kingdom,Computer
8174,Male,10/20/2021,64963233,1,3,81.91,245.73,China,Computer
8239,Male,10/21/2021,51229486,68,3,32.68,98.04,Spain,Computer
9064,Male,10/21/2021,67048447,95,3,50.48,151.44,Italy,Mobile
1593,Female,10/21/2021,84864567,100,2,98.59,197.18,South Korea,Computer
5263,Female,10/21/2021,88781429,46,2,9.88,19.76,Belgium,Computer
4032,Male,10/22/2021,59954634,3,1,97.19,97.19,United Kingdom,Computer
3586,Male,10/22/2021,64942778,23,3,95.72,287.16,Switzerland,Computer
2077,Male,10/23/2021,57709188,22,2,41.48,82.96,Australia,Computer
3173,Male,10/24/2021,44769086,93,3,67.46,202.38,Russia,Computer
4067,Male,10/24/2021,92714309,14,2,89.76,179.52,South Korea,Computer
7590,Male,10/24/2021,97266468,62,1,81.46,81.46,Saudi Arabia,Mobile
9718,Male,10/25/2021,52535033,60,1,91.28,91.28,South Korea,Mobile
3588,Female,10/25/2021,26428428,10,2,19.34,38.68,China,Mobile
2443,Female,10/26/2021,35634429,51,1,50.59,50.59,China,Computer
4336,Female,10/26/2021,16552445,64,3,35.23,105.69,Russia,Mobile
6147,Male,10/27/2021,13140317,76,2,76.67,153.34,Spain,Computer
5203,Male,10/27/2021,27255087,95,2,50.48,100.96,Russia,Computer
9131,Male,10/28/2021,82747298,52,2,20.15,40.3,United Kingdom,Computer
8555,Female,10/29/2021,98371253,49,2,99.72,199.44,France,Computer
7736,Male,10/30/2021,48233954,79,3,33.28,99.84,Spain,Mobile
8389,Male,10/30/2021,97686521,8,1,67.18,67.18,France,Mobile
6889,Male,10/31/2021,34826548,25,2,11.29,22.58,Spain,Computer
1697,Male,11-01-2021,84111923,26,3,34.43,103.29,India,Mobile
1585,Male,11-01-2021,35207445,19,1,13.2,13.2,United States,Mobile
6606,Male,11-01-2021,85655933,38,1,26.03,26.03,South Korea,Mobile
2762,Male,11-02-2021,28072579,20,3,81.89,245.67,United Kingdom,Computer
1783,Male,11-02-2021,14723338,98,2,85.04,170.08,China,Mobile
7276,Male,11-03-2021,29054568,20,1,81.89,81.89,Japan,Computer
2468,Male,11-03-2021,17114773,100,2,98.59,197.18,Spain,Computer
6548,Male,11-03-2021,35166099,90,3,21.51,64.53,Egypt,Mobile
6295,Female,11-04-2021,33070064,9,2,73.83,147.66,United Kingdom,Computer
7885,Male,11-04-2021,11870364,45,1,3.67,3.67,Vietnam,Computer
9899,Female,11-04-2021,44435298,83,2,1.22,2.44,Brazil,Mobile
1915,Female,11-05-2021,41086312,53,1,7.51,7.51,Netherlands,Computer
1845,Female,11-06-2021,42852928,55,3,73.53,220.59,China,Computer
1963,Female,11-06-2021,84175543,78,2,19.66,39.32,France,Computer
6603,Male,11-07-2021,19243365,95,1,50.48,50.48,China,Computer
9316,Male,11-07-2021,50910369,49,1,99.72,99.72,United Kingdom,Computer
6259,Male,11-07-2021,69279502,73,1,30.57,30.57,Egypt,Mobile
2418,Female,11-08-2021,60237612,22,1,41.48,41.48,Spain,Computer
2638,Female,11-09-2021,17305146,81,1,52.96,52.96,China,Mobile
2863,Male,11-10-2021,87058525,41,2,32.33,64.66,China,Computer
7777,Male,11-10-2021,57631307,49,2,99.72,199.44,China,Computer
2003,Male,11-10-2021,52978600,95,3,50.48,151.44,Turkey,Mobile
6789,Male,11-11-2021,21792922,70,1,63.88,63.88,Taiwan,Mobile
4568,Male,11-12-2021,51570786,1,1,81.91,81.91,United States,Mobile
8926,Female,11-12-2021,26155961,66,3,56.01,168.03,Brazil,Mobile
2232,Female,11-12-2021,67410203,22,1,41.48,41.48,Russia,Computer
7535,Female,11/13/2021,41354976,60,1,91.28,91.28,Germany,Computer
5957,Male,11/13/2021,98333875,71,3,57.53,172.59,Germany,Computer
9621,Male,11/14/2021,92619004,90,1,21.51,21.51,Indonesia,Mobile
1595,Male,11/15/2021,72723385,53,1,7.51,7.51,Turkey,Mobile
8192,Female,11/15/2021,47303779,98,3,85.04,255.12,China,Computer
5476,Female,11/15/2021,61070309,57,2,13.08,26.16,Thailand,Computer
6254,Male,11/15/2021,30584563,53,2,7.51,15.02,Canada,Computer
4857,Male,11/16/2021,26356102,50,3,50.71,152.13,Saudi Arabia,Mobile
7544,Male,11/17/2021,91298503,40,3,89.85,269.55,Mexico,Computer
6227,Female,11/17/2021,33495782,99,2,36.83,73.66,Australia,Computer
6701,Male,11/18/2021,65274373,10,2,19.34,38.68,Japan,Mobile
8816,Female,11/19/2021,45219126,65,3,38.95,116.85,Poland,Computer
4549,Female,11/20/2021,25207465,94,1,17.63,17.63,Switzerland,Computer
5765,Male,11/20/2021,87742966,96,3,36.96,110.88,Spain,Mobile
3658,Male,11/20/2021,57572903,76,2,76.67,153.34,Australia,Computer
7606,Male,11/21/2021,73233145,54,1,90.78,90.78,United States,Mobile
2923,Male,11/22/2021,43748459,93,3,67.46,202.38,France,Mobile
8145,Female,11/22/2021,42067735,90,2,21.51,43.02,United States,Computer
9278,Male,11/23/2021,35385354,73,2,30.57,61.14,South Korea,Computer
1454,Male,11/23/2021,86949266,88,2,40.95,81.9,Canada,Computer
6390,Male,11/24/2021,19849649,78,2,19.66,39.32,India,Computer
7546,Male,11/24/2021,51122530,3,2,97.19,194.38,China,Computer
3764,Male,11/25/2021,41279026,80,1,77.64,77.64,Iran,Computer
9445,Female,11/25/2021,69769471,17,3,18.86,56.58,Mexico,Computer
6314,Male,11/26/2021,44664359,27,2,72.93,145.86,Turkey,Computer
8628,Male,11/26/2021,19228994,64,1,35.23,35.23,Germany,Mobile
6524,Male,11/27/2021,36845256,66,2,56.01,112.02,South Korea,Computer
1830,Male,11/27/2021,26904102,72,3,3.55,10.65,Switzerland,Mobile
9243,Female,11/28/2021,96307957,90,3,21.51,64.53,India,Computer
3684,Male,11/28/2021,42326028,87,3,50.56,151.68,Philippines,Computer
5122,Male,11/29/2021,41138985,89,3,37.61,112.83,Germany,Mobile
5838,Female,11/29/2021,34373769,19,3,13.2,39.6,Canada,Computer
9975,Male,11/30/2021,28840566,8,3,67.18,201.54,Poland,Mobile
1748,Male,11/30/2021,99496759,51,1,50.59,50.59,Japan,Mobile
5231,Female,11/30/2021,83877363,58,3,74.55,223.65,Taiwan,Mobile
8206,Male,12-01-2021,50473281,88,3,40.95,122.85,Brazil,Mobile
3330,Female,12-01-2021,36822229,48,1,31.26,31.26,Spain,Computer
8169,Female,12-02-2021,61247695,42,2,74.77,149.54,United Kingdom,Computer
7807,Male,12-02-2021,58456721,3,2,97.19,194.38,Spain,Mobile
2153,Female,12-02-2021,50371161,12,2,86.11,172.22,Japan,Computer
2661,Male,12-03-2021,96826945,56,1,87.34,87.34,Italy,Computer
4631,Male,12-03-2021,57363228,17,1,18.86,18.86,Switzerland,Computer
3571,Male,12-04-2021,70385813,79,3,33.28,99.84,United States,Computer
4646,Female,12-05-2021,70817801,88,3,40.95,122.85,Indonesia,Computer
5901,Female,12-05-2021,67133273,95,1,50.48,50.48,United Kingdom,Computer
4922,Male,12-05-2021,97685575,80,1,77.64,77.64,Philippines,Computer
4808,Male,12-06-2021,54003275,34,1,48.24,48.24,United Kingdom,Computer
8665,Male,12-07-2021,81191239,81,1,52.96,52.96,Australia,Computer
2519,Male,12-07-2021,83888799,29,2,1.91,3.82,Italy,Computer
8199,Male,12-08-2021,87803323,22,3,41.48,124.44,Australia,Computer
8886,Male,12-08-2021,21371412,38,1,26.03,26.03,United States,Computer
4743,Male,12-09-2021,59592618,72,3,3.55,10.65,Germany,Computer
2715,Male,12-09-2021,23750342,42,2,74.77,149.54,China,Computer
5881,Female,12-10-2021,98057908,59,2,79.57,159.14,United States,Computer
7033,Female,12-10-2021,46903429,64,2,35.23,70.46,Canada,Computer
2407,Male,12-10-2021,85903263,59,1,79.57,79.57,India,Computer
8057,Female,12-11-2021,43261211,66,1,56.01,56.01,United States,Mobile
3266,Female,12-11-2021,76056830,98,3,85.04,255.12,United Kingdom,Computer
5433,Male,12-11-2021,72181659,17,1,18.86,18.86,Canada,Computer
4676,Male,12-12-2021,37967437,31,3,43.5,130.5,China,Computer
5162,Male,12/13/2021,58745182,3,2,97.19,194.38,Japan,Computer
4940,Male,12/14/2021,65088250,78,3,19.66,58.98,China,Computer
5396,Male,12/15/2021,15670132,54,3,90.78,272.34,China,Computer
8845,Male,12/15/2021,98456704,55,2,73.53,147.06,India,Computer
2221,Male,12/16/2021,41345777,71,1,57.53,57.53,United States,Computer
7673,Female,12/16/2021,23603140,53,1,7.51,7.51,Switzerland,Mobile
3936,Male,12/17/2021,62216520,42,3,74.77,224.31,United States,Computer
7408,Male,12/17/2021,45172935,80,3,77.64,232.92,United Kingdom,Computer
2241,Male,12/18/2021,13607267,1,1,81.91,81.91,Egypt,Mobile
4796,Male,12/18/2021,91447579,20,1,81.89,81.89,Brazil,Computer
7939,Female,12/19/2021,51203881,23,1,95.72,95.72,South Korea,Computer
2021,Male,12/20/2021,46906964,93,3,67.46,202.38,Russia,Computer
9336,Male,12/21/2021,57102856,54,2,90.78,181.56,India,Computer
2876,Male,12/21/2021,67895342,26,1,34.43,34.43,Argentina,Mobile
8429,Male,12/21/2021,50998713,37,3,11.5,34.5,Indonesia,Computer
8127,Male,12/21/2021,16404332,89,1,37.61,37.61,United States,Computer
5902,Male,12/22/2021,68657651,41,2,32.33,64.66,China,Mobile
1958,Male,12/22/2021,67408732,11,3,4.31,12.93,France,Computer
9773,Male,12/22/2021,16935760,34,2,48.24,96.48,South Korea,Computer
8902,Male,12/23/2021,49857136,72,3,3.55,10.65,Mexico,Computer
8985,Female,12/23/2021,16436571,47,3,64.64,193.92,Saudi Arabia,Computer
1577,Female,12/24/2021,87109212,61,1,70.34,70.34,France,Computer
2970,Female,12/24/2021,68930028,22,3,41.48,124.44,Netherlands,Mobile
6295,Female,12/25/2021,77771831,77,1,20.4,20.4,Brazil,Mobile
1895,Female,12/26/2021,94764382,81,1,52.96,52.96,Russia,Computer
2635,Male,12/27/2021,46153346,98,1,85.04,85.04,United States,Computer
1746,Male,12/27/2021,24295167,12,1,86.11,86.11,Russia,Computer
5273,Female,12/28/2021,62156759,86,2,93.47,186.94,South Korea,Computer
4178,Female,12/28/2021,73089360,19,1,13.2,13.2,United States,Mobile
8164,Male,12/29/2021,15405611,60,2,91.28,182.56,Mexico,Computer
6114,Female,12/30/2021,57385997,59,2,79.57,159.14,Italy,Computer
1414,Male,12/30/2021,94663927,87,2,50.56,101.12,Russia,Computer
5516,Male,12/30/2021,88341675,17,2,18.86,37.72,Russia,Mobile
8265,Male,12/30/2021,70872173,37,1,11.5,11.5,Japan,Computer
1380,Female,12/31/2021,75577906,47,2,64.64,129.28,United Kingdom,Mobile
6524,Male,01-01-2022,12720328,86,1,93.47,93.47,United States,Computer
2055,Female,01-02-2022,39504954,43,1,30.66,30.66,Australia,Computer
2405,Female,01-02-2022,29820761,57,2,13.08,26.16,Saudi Arabia,Computer
6203,Female,01-02-2022,27802693,31,1,43.5,43.5,Belgium,Computer
5253,Female,01-03-2022,94307143,77,1,20.4,20.4,Switzerland,Mobile
7779,Male,01-03-2022,99438522,19,1,13.2,13.2,Japan,Computer
7977,Female,01-04-2022,22899552,72,3,3.55,10.65,Japan,Mobile
8867,Female,01-05-2022,17313012,65,1,38.95,38.95,Germany,Mobile
1592,Female,01-05-2022,88983052,57,1,13.08,13.08,Italy,Mobile
5632,Male,01-06-2022,45034858,50,3,50.71,152.13,United Kingdom,Computer
1507,Female,01-07-2022,65531137,61,3,70.34,211.02,France,Computer
1307,Female,01-07-2022,63003424,56,3,87.34,262.02,Japan,Computer
8414,Male,01-07-2022,16487096,77,3,20.4,61.2,United States,Mobile
2785,Male,01-08-2022,81523181,100,2,98.59,197.18,United States,Computer
6736,Male,01-09-2022,70265265,37,1,11.5,11.5,Netherlands,Computer
6796,Male,01-09-2022,58215640,45,1,3.67,3.67,Russia,Computer
6237,Male,01-09-2022,98024371,35,3,78.78,236.34,Germany,Computer
9288,Female,01-09-2022,75631631,7,2,59.68,119.36,Canada,Computer
3850,Female,01-10-2022,45084979,94,1,17.63,17.63,Japan,Computer
3148,Male,01-11-2022,99668987,22,1,41.48,41.48,United States,Mobile
5878,Male,01-11-2022,67331746,89,2,37.61,75.22,Australia,Computer
5468,Male,01-11-2022,58686895,37,2,11.5,23,Indonesia,Mobile
9304,Male,01-12-2022,35145335,66,1,56.01,56.01,Spain,Computer
2251,Male,1/13/2022,21216119,32,3,91.37,274.11,Brazil,Mobile
3410,Male,1/13/2022,46075301,9,2,73.83,147.66,Italy,Computer
7962,Male,1/14/2022,22985555,51,1,50.59,50.59,India,Computer
7793,Male,1/14/2022,62718763,54,3,90.78,272.34,Brazil,Mobile
4283,Male,1/15/2022,79942508,51,1,50.59,50.59,Mexico,Computer
6428,Male,1/15/2022,56952610,99,2,36.83,73.66,Saudi Arabia,Mobile
2566,Female,1/16/2022,59159242,21,1,98.91,98.91,Germany,Computer
3935,Female,1/17/2022,90230895,53,3,7.51,22.53,United States,Mobile
8461,Male,1/17/2022,88990471,59,1,79.57,79.57,Japan,Computer
5848,Male,1/18/2022,64785997,35,1,78.78,78.78,Netherlands,Computer
9129,Male,1/18/2022,23272992,88,1,40.95,40.95,Japan,Computer
6549,Male,1/19/2022,60403085,87,1,50.56,50.56,Japan,Mobile
6459,Female,1/19/2022,23405300,42,1,74.77,74.77,China,Mobile
5018,Male,1/20/2022,15772581,57,3,13.08,39.24,Mexico,Computer
7202,Male,1/20/2022,24535421,3,3,97.19,291.57,Saudi Arabia,Computer
7612,Male,1/21/2022,33957409,47,2,64.64,129.28,Russia,Mobile
7279,Male,1/21/2022,40535361,18,3,1.97,5.91,United States,Computer
1576,Male,1/21/2022,89802689,73,2,30.57,61.14,Poland,Mobile
7784,Male,1/22/2022,62217811,30,1,6.08,6.08,Turkey,Mobile
7790,Male,1/23/2022,45461748,70,2,63.88,127.76,Spain,Mobile
1569,Male,1/23/2022,40457520,83,1,1.22,1.22,Egypt,Mobile
3886,Male,1/24/2022,43294927,29,3,1.91,5.73,Turkey,Computer
1733,Male,1/24/2022,60098256,56,2,87.34,174.68,India,Mobile
4377,Male,1/25/2022,66865567,62,2,81.46,162.92,France,Computer
3162,Female,1/25/2022,55911648,31,2,43.5,87,France,Computer
7275,Female,1/26/2022,90337359,46,2,9.88,19.76,Germany,Computer
8358,Male,1/27/2022,68378639,95,2,50.48,100.96,Italy,Mobile
7487,Female,1/28/2022,32730936,73,2,30.57,61.14,Japan,Computer
9336,Male,1/28/2022,79552273,32,2,91.37,182.74,United States,Computer
3770,Male,1/28/2022,70988758,60,1,91.28,91.28,France,Mobile
6788,Female,1/29/2022,91086255,84,3,32.88,98.64,South Korea,Computer
8845,Male,1/30/2022,87702421,56,2,87.34,174.68,Brazil,Computer
1283,Male,1/31/2022,22683817,56,1,87.34,87.34,Spain,Computer
2192,Male,1/31/2022,67236809,57,2,13.08,26.16,United States,Mobile
6906,Female,02-01-2022,61261114,73,1,30.57,30.57,India,Mobile
1261,Male,02-02-2022,24506567,45,3,3.67,11.01,South Korea,Mobile
7945,Female,02-02-2022,29823348,84,2,32.88,65.76,Japan,Computer
5924,Female,02-03-2022,75202227,81,3,52.96,158.88,France,Computer
2317,Female,02-04-2022,64803616,64,1,35.23,35.23,China,Computer
1713,Male,02-04-2022,54310471,66,3,56.01,168.03,Australia,Computer
9869,Female,02-04-2022,96208717,12,1,86.11,86.11,Japan,Mobile
1768,Female,02-05-2022,17436271,73,1,30.57,30.57,United States,Mobile
2608,Male,02-05-2022,69211398,2,2,33.11,66.22,Spain,Computer
2877,Male,02-06-2022,57877008,60,2,91.28,182.56,Philippines,Mobile
2755,Male,02-07-2022,19371145,22,2,41.48,82.96,Australia,Mobile
3912,Male,02-07-2022,38601283,46,1,9.88,9.88,China,Computer
6544,Male,02-07-2022,43228100,88,2,40.95,81.9,South Korea,Computer
9526,Male,02-07-2022,23461375,63,2,57.12,114.24,Japan,Computer
2509,Male,02-07-2022,56634891,3,2,97.19,194.38,Brazil,Computer
4908,Female,02-08-2022,42839851,4,2,32.43,64.86,United States,Computer
1571,Male,02-09-2022,99616208,99,2,36.83,73.66,United Kingdom,Computer
2139,Female,02-09-2022,16286291,33,2,28.56,57.12,Thailand,Computer
6345,Male,02-10-2022,37860055,82,1,5.82,5.82,Mexico,Mobile
8740,Male,02-11-2022,59518087,79,3,33.28,99.84,South Korea,Computer
2030,Female,02-11-2022,52059815,10,3,19.34,58.02,Netherlands,Computer
7493,Female,02-12-2022,63228044,41,1,32.33,32.33,United Kingdom,Computer
4533,Male,02-12-2022,66538831,45,3,3.67,11.01,Iran,Mobile
5869,Male,2/13/2022,11201695,11,1,4.31,4.31,France,Computer
4828,Male,2/13/2022,88542882,63,1,57.12,57.12,Japan,Mobile
9974,Male,2/14/2022,18331723,18,1,1.97,1.97,United States,Computer
6249,Female,2/15/2022,36404374,90,1,21.51,21.51,Canada,Mobile
4350,Male,2/16/2022,86908566,14,3,89.76,269.28,Mexico,Computer
1239,Male,2/16/2022,67947813,93,2,67.46,134.92,United Kingdom,Computer
9224,Male,2/16/2022,67845372,61,3,70.34,211.02,Italy,Computer
9425,Female,2/17/2022,16130717,42,2,74.77,149.54,Poland,Computer
3446,Female,2/17/2022,39739409,88,2,40.95,81.9,South Korea,Computer
9664,Female,2/18/2022,91775437,35,2,78.78,157.56,Japan,Computer
5996,Female,2/18/2022,90078132,12,3,86.11,258.33,Brazil,Computer
5019,Male,2/19/2022,77572769,63,2,57.12,114.24,United States,Computer
7020,Female,2/20/2022,24128190,53,3,7.51,22.53,Argentina,Mobile
7982,Male,2/20/2022,34165771,29,3,1.91,5.73,Argentina,Computer
7433,Male,2/20/2022,46895431,3,3,97.19,291.57,Italy,Computer
7012,Male,2/21/2022,54053336,30,2,6.08,12.16,Italy,Mobile
8636,Male,2/21/2022,14127919,51,3,50.59,151.77,Brazil,Mobile
7135,Male,2/22/2022,28671685,9,1,73.83,73.83,Indonesia,Mobile
7840,Male,2/22/2022,88579112,55,1,73.53,73.53,Turkey,Computer
3680,Male,2/22/2022,94236388,21,2,98.91,197.82,Turkey,Computer
5721,Male,2/23/2022,70575140,62,1,81.46,81.46,France,Mobile
3816,Male,2/23/2022,16573341,40,3,89.85,269.55,United Kingdom,Computer
5761,Female,2/24/2022,53267079,92,3,58.5,175.5,Philippines,Mobile
2131,Male,2/24/2022,39052855,59,3,79.57,238.71,Philippines,Mobile
7717,Male,2/25/2022,67588836,39,2,41.61,83.22,Netherlands,Mobile
4548,Male,2/26/2022,46484140,36,2,48.16,96.32,China,Computer
4560,Male,2/27/2022,15395946,93,3,67.46,202.38,Belgium,Mobile
8601,Male,2/27/2022,56516695,66,3,56.01,168.03,Russia,Computer
7016,Female,2/27/2022,63756079,46,1,9.88,9.88,Japan,Mobile
2618,Male,2/28/2022,43422054,29,3,1.91,5.73,India,Mobile
4209,Female,2/28/2022,31448101,36,1,48.16,48.16,China,Computer
7930,Female,03-01-2022,59374495,34,1,48.24,48.24,Philippines,Computer
6308,Female,03-02-2022,46902489,14,3,89.76,269.28,South Korea,Computer
3278,Male,03-03-2022,25954160,95,2,50.48,100.96,Japan,Computer
2752,Female,03-04-2022,60113245,30,2,6.08,12.16,Thailand,Mobile
1994,Male,03-05-2022,82122316,60,2,91.28,182.56,Japan,Computer
1579,Male,03-05-2022,67334922,91,3,67.48,202.44,Japan,Mobile
8646,Female,03-05-2022,74834067,60,1,91.28,91.28,United Kingdom,Computer
2871,Female,03-05-2022,66442203,6,2,8.07,16.14,Switzerland,Computer
2107,Female,03-06-2022,35003889,6,3,8.07,24.21,Thailand,Computer
6245,Male,03-07-2022,13440516,12,2,86.11,172.22,Iran,Computer
4438,Female,03-08-2022,24028542,39,2,41.61,83.22,Saudi Arabia,Mobile
9349,Male,03-08-2022,88675506,88,3,40.95,122.85,Italy,Computer
5995,Male,03-08-2022,82057822,1,2,81.91,163.82,Russia,Mobile
6535,Male,03-09-2022,52697816,7,1,59.68,59.68,Netherlands,Mobile
6982,Male,03-10-2022,43712305,83,3,1.22,3.66,Australia,Computer
6669,Female,03-10-2022,21665157,73,1,30.57,30.57,Turkey,Mobile
8698,Male,03-10-2022,26021973,15,2,6.32,12.64,Indonesia,Computer
8705,Female,03-11-2022,27938227,36,3,48.16,144.48,Russia,Computer
2604,Male,03-12-2022,92164695,49,2,99.72,199.44,France,Mobile
4078,Male,03-12-2022,61701534,46,3,9.88,29.64,Turkey,Computer
3732,Male,3/13/2022,42210699,60,1,91.28,91.28,Brazil,Computer
3553,Female,3/14/2022,94201601,3,1,97.19,97.19,Turkey,Computer
1646,Female,3/14/2022,42307712,72,3,3.55,10.65,Italy,Mobile
6531,Male,3/15/2022,99498735,81,3,52.96,158.88,Italy,Computer
9169,Male,3/15/2022,29923180,53,2,7.51,15.02,South Korea,Computer
5187,Male,3/16/2022,42099215,94,2,17.63,35.26,Japan,Computer
9689,Male,3/17/2022,12781055,47,2,64.64,129.28,Argentina,Computer
1774,Male,3/18/2022,93517475,61,2,70.34,140.68,Canada,Computer
5418,Male,3/18/2022,63549364,31,2,43.5,87,Saudi Arabia,Computer
2918,Male,3/18/2022,18637427,39,3,41.61,124.83,Australia,Mobile
1630,Female,3/19/2022,63386827,42,3,74.77,224.31,Italy,Computer
8413,Female,3/20/2022,83680963,90,1,21.51,21.51,India,Computer
8113,Female,3/20/2022,45941658,39,3,41.61,124.83,France,Computer
6019,Female,3/21/2022,34662749,3,2,97.19,194.38,Brazil,Computer
5085,Male,3/22/2022,70323545,35,3,78.78,236.34,Australia,Computer
7166,Female,3/22/2022,51914776,31,3,43.5,130.5,Australia,Computer
4092,Female,3/23/2022,35222373,92,3,58.5,175.5,China,Computer
8437,Male,3/23/2022,52119924,67,2,17.22,34.44,Mexico,Mobile
3418,Female,3/24/2022,25304669,74,2,33.51,67.02,Germany,Mobile
6347,Male,3/24/2022,48955334,39,1,41.61,41.61,Taiwan,Computer
3590,Male,3/25/2022,83203155,26,3,34.43,103.29,Japan,Mobile
1296,Male,3/25/2022,52681465,20,3,81.89,245.67,United States,Computer
6739,Female,3/25/2022,57736137,58,3,74.55,223.65,Indonesia,Mobile
6109,Male,3/25/2022,12470363,39,3,41.61,124.83,Philippines,Computer
4824,Male,3/26/2022,97349926,90,2,21.51,43.02,Mexico,Computer
2910,Female,3/26/2022,29485115,4,2,32.43,64.86,Japan,Computer
4250,Male,3/26/2022,60139905,61,3,70.34,211.02,United Kingdom,Computer
9073,Male,3/27/2022,56864241,14,2,89.76,179.52,France,Computer
2033,Male,3/28/2022,58690187,1,3,81.91,245.73,Taiwan,Mobile
4590,Male,3/28/2022,37627169,89,1,37.61,37.61,Poland,Computer
5411,Female,3/28/2022,40207102,21,2,98.91,197.82,Russia,Mobile
3161,Female,3/29/2022,84570245,50,3,50.71,152.13,Taiwan,Computer
1877,Male,3/29/2022,88344094,97,1,56.74,56.74,Germany,Computer
9206,Male,3/29/2022,49738871,25,1,11.29,11.29,Iran,Computer
5381,Male,3/30/2022,98509628,59,1,79.57,79.57,Belgium,Computer
3064,Male,3/30/2022,76059138,25,2,11.29,22.58,United States,Mobile
8790,Male,3/30/2022,22232973,77,2,20.4,40.8,Mexico,Computer
4962,Female,3/31/2022,55375369,74,1,33.51,33.51,France,Computer
9769,Male,04-01-2022,43791305,6,3,8.07,24.21,Canada,Computer
3212,Female,04-01-2022,70722579,42,2,74.77,149.54,Egypt,Computer
3934,Male,04-02-2022,85410192,15,1,6.32,6.32,Italy,Mobile
3527,Male,04-03-2022,78676004,12,3,86.11,258.33,South Korea,Computer
5229,Male,04-04-2022,17673055,75,1,32.34,32.34,Germany,Computer
3977,Male,04-04-2022,68771812,24,1,99.58,99.58,India,Computer
3508,Male,04-05-2022,43640862,82,3,5.82,17.46,Germany,Mobile
5305,Female,04-05-2022,53964238,34,3,48.24,144.72,South Korea,Computer
1511,Male,04-05-2022,44946609,44,2,52.78,105.56,Australia,Computer
7463,Male,04-06-2022,81463050,95,3,50.48,151.44,Russia,Mobile
9178,Female,04-07-2022,90689449,83,2,1.22,2.44,Netherlands,Computer
2965,Female,04-07-2022,33727098,85,1,68.31,68.31,India,Mobile
1599,Female,04-08-2022,47847874,5,3,11.97,35.91,United States,Mobile
8339,Female,04-09-2022,48010918,59,3,79.57,238.71,France,Computer
9027,Male,04-09-2022,18807444,53,3,7.51,22.53,China,Mobile
5777,Female,04-09-2022,14822145,88,3,40.95,122.85,Germany,Mobile
2350,Female,04-09-2022,15079254,37,3,11.5,34.5,Indonesia,Computer
6689,Female,04-09-2022,38864512,8,3,67.18,201.54,Netherlands,Computer
3689,Male,04-10-2022,94903805,6,1,8.07,8.07,Philippines,Computer
4822,Female,04-10-2022,12450275,84,3,32.88,98.64,Egypt,Mobile
7533,Female,04-11-2022,84891357,31,3,43.5,130.5,United States,Computer
7255,Male,04-11-2022,99241275,70,3,63.88,191.64,India,Computer
5486,Male,04-12-2022,25445121,87,3,50.56,151.68,Netherlands,Computer
8819,Male,4/13/2022,12974026,33,2,28.56,57.12,Canada,Computer
8000,Female,4/13/2022,50675694,85,2,68.31,136.62,United Kingdom,Mobile
2697,Female,4/13/2022,69094744,39,1,41.61,41.61,Japan,Computer
8119,Male,4/14/2022,70518344,54,3,90.78,272.34,United Kingdom,Computer
4448,Female,4/15/2022,71993273,25,3,11.29,33.87,Germany,Computer
3114,Male,4/15/2022,45109598,48,1,31.26,31.26,Switzerland,Mobile
2700,Female,4/16/2022,26965127,15,2,6.32,12.64,Netherlands,Computer
6787,Male,4/17/2022,59263428,25,3,11.29,33.87,Germany,Computer
4247,Male,4/17/2022,21320473,19,2,13.2,26.4,Italy,Mobile
5942,Male,4/17/2022,70128550,43,1,30.66,30.66,Germany,Computer
6251,Female,4/18/2022,75803623,69,1,96.47,96.47,Spain,Computer
7603,Male,4/19/2022,49359132,1,3,81.91,245.73,Argentina,Mobile
9861,Female,4/20/2022,36674262,31,2,43.5,87,Italy,Mobile
9934,Male,4/20/2022,26837517,65,3,38.95,116.85,Italy,Computer
8632,Male,4/20/2022,92881629,80,3,77.64,232.92,Netherlands,Mobile
4062,Male,4/21/2022,21057549,50,1,50.71,50.71,India,Computer
1192,Female,4/22/2022,94686758,63,3,57.12,171.36,Brazil,Mobile
2513,Female,4/23/2022,57280492,72,3,3.55,10.65,Brazil,Computer
2799,Male,4/24/2022,31834918,17,1,18.86,18.86,Japan,Mobile
3101,Female,4/24/2022,38489545,75,2,32.34,64.68,Argentina,Mobile
6624,Male,4/24/2022,54694306,34,1,48.24,48.24,Spain,Mobile
4438,Female,4/25/2022,33198725,75,3,32.34,97.02,Germany,Computer
6225,Male,4/25/2022,88750655,10,1,19.34,19.34,Spain,Computer
8065,Male,4/25/2022,58366218,97,2,56.74,113.48,China,Mobile
7397,Male,4/26/2022,18493590,63,1,57.12,57.12,Belgium,Computer
7353,Female,4/26/2022,54193616,43,3,30.66,91.98,Argentina,Mobile
5201,Male,4/27/2022,77534270,28,3,5.32,15.96,South Korea,Computer
3985,Male,4/28/2022,49574585,69,3,96.47,289.41,Japan,Computer
8632,Male,4/29/2022,24329916,97,2,56.74,113.48,Argentina,Mobile
2713,Female,4/29/2022,42535425,75,2,32.34,64.68,Italy,Mobile
6490,Male,4/30/2022,14456426,18,1,1.97,1.97,United States,Computer
5865,Female,05-01-2022,62577898,69,1,96.47,96.47,China,Computer
1284,Female,05-01-2022,30272580,54,3,90.78,272.34,Spain,Computer
2964,Male,05-01-2022,91381387,73,1,30.57,30.57,Saudi Arabia,Computer
6851,Male,05-01-2022,38263014,29,2,1.91,3.82,United Kingdom,Mobile
4141,Female,05-02-2022,35398773,74,1,33.51,33.51,Belgium,Computer
4284,Female,05-03-2022,63331412,79,1,33.28,33.28,Philippines,Computer
4521,Male,05-04-2022,60842765,95,2,50.48,100.96,Japan,Computer
6747,Female,05-04-2022,92837326,4,3,32.43,97.29,United States,Computer
9281,Female,05-05-2022,91638954,7,1,59.68,59.68,Taiwan,Computer
9241,Male,05-05-2022,66023537,4,3,32.43,97.29,Russia,Mobile
9797,Male,05-06-2022,42020805,84,1,32.88,32.88,Germany,Computer
5795,Male,05-06-2022,84207540,2,1,33.11,33.11,South Korea,Computer
1307,Female,05-06-2022,32335145,37,2,11.5,23,Indonesia,Computer
9144,Female,05-07-2022,28922775,61,2,70.34,140.68,India,Mobile
5419,Male,05-08-2022,11166574,84,1,32.88,32.88,United States,Computer
6197,Male,05-08-2022,73158934,67,1,17.22,17.22,Japan,Mobile
2326,Male,05-09-2022,51756824,55,2,73.53,147.06,Canada,Mobile
3201,Male,05-10-2022,95969743,93,1,67.46,67.46,United States,Computer
9070,Male,05-10-2022,38398464,75,2,32.34,64.68,United States,Computer
6380,Female,05-11-2022,70992483,52,2,20.15,40.3,United Kingdom,Mobile
6641,Male,05-11-2022,20620483,57,2,13.08,26.16,Thailand,Computer
7822,Male,05-12-2022,21710078,24,2,99.58,199.16,India,Computer
2674,Female,05-12-2022,56706214,60,1,91.28,91.28,United States,Computer
1989,Female,5/13/2022,78228895,100,1,98.59,98.59,Germany,Computer
9854,Male,5/14/2022,35698180,12,3,86.11,258.33,Australia,Mobile
2345,Female,5/14/2022,28511113,79,2,33.28,66.56,Thailand,Computer
9666,Male,5/14/2022,74529265,44,3,52.78,158.34,France,Computer
3363,Male,5/15/2022,48553568,80,1,77.64,77.64,United Kingdom,Computer
8467,Male,5/15/2022,18675213,32,3,91.37,274.11,China,Computer
2158,Female,5/15/2022,33610265,31,3,43.5,130.5,Belgium,Computer
7278,Female,5/16/2022,24335450,8,1,67.18,67.18,Brazil,Computer
9113,Male,5/16/2022,75234569,36,2,48.16,96.32,Canada,Mobile
8882,Male,5/16/2022,85601192,43,1,30.66,30.66,United States,Computer
6966,Male,5/17/2022,74355488,85,2,68.31,136.62,United Kingdom,Computer
5384,Male,5/17/2022,61254013,19,3,13.2,39.6,Taiwan,Computer
6717,Male,5/18/2022,34544384,14,2,89.76,179.52,Spain,Computer
7735,Male,5/18/2022,34211317,25,1,11.29,11.29,South Korea,Mobile
5341,Male,5/18/2022,50324094,70,3,63.88,191.64,Brazil,Computer
9303,Female,5/19/2022,61853674,29,1,1.91,1.91,Switzerland,Computer
2267,Female,5/20/2022,62645403,25,2,11.29,22.58,China,Mobile
4809,Female,5/20/2022,36751918,65,2,38.95,77.9,Brazil,Computer
5584,Male,5/20/2022,54334863,95,3,50.48,151.44,France,Computer
2729,Male,5/21/2022,55037731,7,1,59.68,59.68,South Korea,Mobile
7170,Male,5/21/2022,22496976,33,2,28.56,57.12,Switzerland,Computer
5196,Male,5/22/2022,33356688,55,2,73.53,147.06,Mexico,Computer
2955,Male,5/22/2022,90797926,61,2,70.34,140.68,Nigeria,Computer
7258,Female,5/23/2022,85981534,16,3,39.33,117.99,United States,Mobile
3376,Male,5/23/2022,44410458,69,2,96.47,192.94,Turkey,Computer
7710,Male,5/24/2022,62304481,46,1,9.88,9.88,India,Mobile
8869,Female,5/24/2022,27912973,96,1,36.96,36.96,United Kingdom,Mobile
1407,Male,5/25/2022,69324951,96,1,36.96,36.96,United States,Computer
7730,Female,5/25/2022,62724062,86,2,93.47,186.94,India,Computer
3619,Male,5/26/2022,79321208,23,2,95.72,191.44,Italy,Computer
7108,Male,5/27/2022,53165358,54,1,90.78,90.78,Mexico,Computer
4782,Male,5/27/2022,74275407,94,3,17.63,52.89,United Kingdom,Mobile
8223,Male,5/28/2022,78694929,48,1,31.26,31.26,Switzerland,Mobile
7190,Male,5/29/2022,44879897,9,1,73.83,73.83,China,Mobile
6749,Male,5/29/2022,84838411,96,1,36.96,36.96,China,Computer
4334,Female,5/29/2022,77806943,26,3,34.43,103.29,United States,Computer
3826,Male,5/29/2022,14569039,15,2,6.32,12.64,Brazil,Computer
3514,Male,5/30/2022,77062252,90,1,21.51,21.51,Japan,Mobile
1875,Male,5/31/2022,59610246,30,2,6.08,12.16,Turkey,Mobile
5449,Female,5/31/2022,99591931,87,3,50.56,151.68,Egypt,Computer
2371,Male,5/31/2022,89418933,64,2,35.23,70.46,Japan,Computer
1340,Male,06-01-2022,27105716,73,3,30.57,91.71,Mexico,Mobile
4308,Male,06-01-2022,78058575,82,1,5.82,5.82,Thailand,Mobile
3045,Female,06-01-2022,12930252,75,1,32.34,32.34,Brazil,Computer
7993,Male,06-02-2022,50167210,85,2,68.31,136.62,Taiwan,Mobile
3921,Female,06-03-2022,94678180,19,3,13.2,39.6,South Korea,Computer
6256,Female,06-04-2022,98981005,26,3,34.43,103.29,France,Mobile
7679,Male,06-05-2022,37913844,82,1,5.82,5.82,China,Mobile
3695,Female,06-05-2022,31288184,5,2,11.97,23.94,South Korea,Mobile
5842,Male,06-05-2022,93975994,31,2,43.5,87,India,Computer
4725,Male,06-06-2022,24824624,62,1,81.46,81.46,United States,Mobile
4725,Male,06-07-2022,47889579,44,3,52.78,158.34,Canada,Computer
7509,Male,06-07-2022,51569110,94,2,17.63,35.26,South Korea,Computer
4446,Male,06-07-2022,20979079,83,3,1.22,3.66,Russia,Mobile
6506,Male,06-08-2022,77784234,43,2,30.66,61.32,United Kingdom,Mobile
2682,Male,06-08-2022,68040534,97,2,56.74,113.48,Italy,Computer
2434,Male,06-08-2022,61790576,94,1,17.63,17.63,Italy,Computer
5215,Male,06-09-2022,81378575,7,3,59.68,179.04,Iran,Computer
8152,Female,06-09-2022,46964965,92,2,58.5,117,South Korea,Computer
2938,Female,06-10-2022,60782243,3,2,97.19,194.38,Canada,Computer
8971,Male,06-10-2022,72991381,79,1,33.28,33.28,India,Computer
4077,Female,06-11-2022,51396737,56,1,87.34,87.34,Russia,Computer
8946,Male,06-11-2022,87186014,79,3,33.28,99.84,South Korea,Computer
4841,Female,06-11-2022,33158331,70,3,63.88,191.64,United States,Computer
4604,Female,06-12-2022,25207587,88,1,40.95,40.95,India,Mobile
8502,Male,6/13/2022,90722345,95,1,50.48,50.48,Spain,Computer
7774,Male,6/14/2022,56759228,2,2,33.11,66.22,Japan,Computer
7507,Male,6/14/2022,31354068,48,3,31.26,93.78,Germany,Computer
8083,Female,6/15/2022,95027992,39,2,41.61,83.22,United States,Computer
3068,Male,6/15/2022,57911197,42,3,74.77,224.31,China,Mobile
7086,Male,6/15/2022,79403310,68,3,32.68,98.04,South Korea,Computer
8451,Male,6/15/2022,73873735,94,1,17.63,17.63,Italy,Mobile
1259,Male,6/16/2022,15569949,37,2,11.5,23,China,Mobile
3794,Male,6/17/2022,46988900,56,1,87.34,87.34,Japan,Computer
6141,Male,6/17/2022,20731144,24,1,99.58,99.58,Spain,Computer
8848,Male,6/17/2022,75586198,54,1,90.78,90.78,Italy,Computer
9787,Female,6/18/2022,95789712,27,3,72.93,218.79,United States,Computer
4627,Female,6/18/2022,80656239,84,2,32.88,65.76,Vietnam,Computer
4850,Male,6/19/2022,45731613,58,1,74.55,74.55,India,Computer
2304,Female,6/19/2022,85257186,18,3,1.97,5.91,Spain,Mobile
2923,Male,6/20/2022,66865516,40,2,89.85,179.7,Germany,Computer
5838,Female,6/21/2022,94088790,25,2,11.29,22.58,Taiwan,Computer
6146,Male,6/22/2022,54453367,76,1,76.67,76.67,Brazil,Computer
6742,Male,6/22/2022,41377840,26,1,34.43,34.43,United Kingdom,Mobile
5881,Female,6/22/2022,64799922,49,2,99.72,199.44,Taiwan,Computer
5824,Male,6/22/2022,35978710,10,2,19.34,38.68,Canada,Computer
1694,Female,6/23/2022,29042294,77,1,20.4,20.4,Australia,Computer
8694,Male,6/24/2022,95799369,35,3,78.78,236.34,Poland,Computer
5554,Male,6/24/2022,87079869,75,3,32.34,97.02,Netherlands,Computer
9553,Male,6/25/2022,86737059,100,1,98.59,98.59,Japan,Mobile
6162,Male,6/25/2022,15540327,14,1,89.76,89.76,United States,Computer
2455,Male,6/25/2022,91635747,30,3,6.08,18.24,Brazil,Computer
4421,Male,6/26/2022,74359683,52,3,20.15,60.45,China,Mobile
8930,Male,6/26/2022,48326282,55,2,73.53,147.06,Mexico,Computer
4339,Male,6/27/2022,27625748,4,3,32.43,97.29,Turkey,Mobile
5043,Male,6/27/2022,95307682,10,3,19.34,58.02,France,Mobile
2195,Male,6/28/2022,63258275,84,3,32.88,98.64,Spain,Mobile
7672,Female,6/29/2022,91149036,98,2,85.04,170.08,United States,Mobile
3488,Male,6/29/2022,55699755,99,2,36.83,73.66,South Korea,Computer
8962,Male,6/29/2022,32307792,88,3,40.95,122.85,Thailand,Computer
2725,Female,6/29/2022,42692339,67,3,17.22,51.66,Brazil,Mobile
3322,Male,6/29/2022,41637481,66,3,56.01,168.03,Saudi Arabia,Computer
7325,Male,6/30/2022,17064944,40,2,89.85,179.7,China,Computer
4347,Male,6/30/2022,24223031,50,2,50.71,101.42,Australia,Mobile
9931,Male,07-01-2022,33121477,6,1,8.07,8.07,Turkey,Mobile
3507,Male,07-02-2022,90526646,65,2,38.95,77.9,China,Mobile
7329,Male,07-03-2022,15512126,27,1,72.93,72.93,Mexico,Computer
1580,Male,07-03-2022,53916881,74,3,33.51,100.53,United States,Computer
3369,Female,07-04-2022,63974906,83,2,1.22,2.44,Switzerland,Mobile
3644,Female,07-04-2022,99371143,27,3,72.93,218.79,Nigeria,Computer
4180,Male,07-05-2022,79538150,85,2,68.31,136.62,United Kingdom,Computer
7276,Male,07-05-2022,12625843,27,3,72.93,218.79,China,Computer
5772,Male,07-06-2022,60594371,29,3,1.91,5.73,Japan,Computer
5398,Female,07-07-2022,28240186,32,1,91.37,91.37,United Kingdom,Computer
2620,Female,07-07-2022,19332978,28,2,5.32,10.64,Italy,Computer
6916,Male,07-08-2022,24023913,3,1,97.19,97.19,United States,Computer
6623,Male,07-08-2022,90928995,76,2,76.67,153.34,United Kingdom,Computer
5014,Male,07-09-2022,33854863,97,1,56.74,56.74,Spain,Computer
6894,Male,07-09-2022,69765036,72,1,3.55,3.55,United Kingdom,Computer
2338,Male,07-10-2022,22274954,27,2,72.93,145.86,Taiwan,Computer
2904,Male,07-10-2022,64175849,86,3,93.47,280.41,Turkey,Computer
3675,Male,07-11-2022,72524578,95,1,50.48,50.48,Italy,Computer
1189,Female,07-11-2022,41938969,23,3,95.72,287.16,United Kingdom,Computer
7035,Male,07-11-2022,72376586,62,2,81.46,162.92,Mexico,Mobile
8405,Male,07-12-2022,96073987,82,3,5.82,17.46,Germany,Computer
4300,Male,7/13/2022,53119795,34,2,48.24,96.48,United States,Computer
4703,Male,7/13/2022,34596655,9,3,73.83,221.49,Germany,Computer
4600,Male,7/14/2022,35311326,48,2,31.26,62.52,Spain,Computer
9541,Male,7/14/2022,35132959,22,2,41.48,82.96,Germany,Computer
1472,Male,7/15/2022,75315067,27,2,72.93,145.86,Netherlands,Computer
6546,Male,7/15/2022,34186688,93,2,67.46,134.92,Poland,Mobile
5666,Male,7/16/2022,53512506,21,3,98.91,296.73,Italy,Computer
4169,Male,7/16/2022,90243106,52,1,20.15,20.15,China,Computer
8096,Male,7/17/2022,85832856,30,2,6.08,12.16,China,Computer
8532,Female,7/17/2022,55807590,53,1,7.51,7.51,United States,Mobile
6364,Male,7/18/2022,76632173,79,1,33.28,33.28,United States,Mobile
9150,Male,7/19/2022,71743377,60,1,91.28,91.28,Japan,Computer
7893,Male,7/20/2022,13637636,63,1,57.12,57.12,United Kingdom,Computer
6266,Male,7/20/2022,28107940,100,3,98.59,295.77,Australia,Computer
2430,Male,7/21/2022,49251741,1,3,81.91,245.73,China,Computer
7195,Male,7/21/2022,35576989,96,3,36.96,110.88,Canada,Computer
3731,Male,7/22/2022,53169400,34,1,48.24,48.24,China,Computer
2680,Male,7/22/2022,39181760,50,3,50.71,152.13,South Korea,Computer
5765,Male,7/23/2022,54747365,48,3,31.26,93.78,China,Computer
4817,Male,7/23/2022,15777343,31,2,43.5,87,Spain,Computer
2352,Male,7/24/2022,23631900,1,1,81.91,81.91,Spain,Computer
1905,Male,7/24/2022,17041625,13,2,41.29,82.58,Japan,Mobile
4496,Male,7/24/2022,44558174,93,1,67.46,67.46,Italy,Mobile
8563,Male,7/25/2022,70365155,93,3,67.46,202.38,Germany,Mobile
8555,Female,7/26/2022,15732794,5,1,11.97,11.97,Japan,Computer
7825,Female,7/27/2022,50956081,92,2,58.5,117,Thailand,Mobile
2899,Male,7/27/2022,14776044,9,2,73.83,147.66,Indonesia,Computer
6163,Male,7/27/2022,42181149,17,1,18.86,18.86,France,Computer
3770,Male,7/28/2022,14933558,59,3,79.57,238.71,Japan,Computer
4160,Female,7/28/2022,47157918,21,2,98.91,197.82,South Korea,Mobile
3701,Male,7/29/2022,27357961,38,2,26.03,52.06,South Korea,Computer
2228,Male,7/29/2022,32209339,84,2,32.88,65.76,China,Mobile
7499,Female,7/29/2022,17103825,26,2,34.43,68.86,Iran,Mobile
2133,Male,7/30/2022,69920207,98,3,85.04,255.12,Taiwan,Computer
1874,Female,7/31/2022,38124794,53,1,7.51,7.51,India,Mobile
9965,Male,7/31/2022,94969534,17,1,18.86,18.86,United States,Computer
4126,Male,7/31/2022,51399181,68,2,32.68,65.36,Japan,Computer
3637,Male,08-01-2022,26239453,33,3,28.56,85.68,India,Computer
1840,Male,08-01-2022,95083969,80,2,77.64,155.28,Spain,Mobile
7680,Male,08-01-2022,15362779,90,3,21.51,64.53,France,Computer
5063,Female,08-02-2022,85229557,34,1,48.24,48.24,Brazil,Computer
7684,Male,08-02-2022,67537980,65,2,38.95,77.9,China,Mobile
3872,Male,08-03-2022,93873188,62,1,81.46,81.46,Turkey,Computer
3539,Male,08-03-2022,58014247,65,3,38.95,116.85,Indonesia,Mobile
1417,Male,08-04-2022,20474732,21,1,98.91,98.91,China,Computer
5826,Male,08-05-2022,14126632,48,1,31.26,31.26,Canada,Computer
4401,Female,08-05-2022,37763657,7,1,59.68,59.68,Poland,Computer
1565,Female,08-05-2022,45822338,98,3,85.04,255.12,Mexico,Computer
8273,Male,08-06-2022,87585489,61,2,70.34,140.68,China,Computer
2324,Male,08-06-2022,37843348,88,3,40.95,122.85,China,Computer
3209,Male,08-07-2022,85125712,44,1,52.78,52.78,United Kingdom,Computer
6133,Female,08-08-2022,87965078,55,1,73.53,73.53,Canada,Mobile
3590,Male,08-08-2022,91151275,56,1,87.34,87.34,United States,Computer
1353,Female,08-09-2022,61615623,4,1,32.43,32.43,Nigeria,Computer
1323,Male,08-09-2022,47245991,77,2,20.4,40.8,Japan,Computer
5399,Male,08-10-2022,92724815,1,3,81.91,245.73,Russia,Computer
7836,Female,08-10-2022,24155007,16,2,39.33,78.66,United States,Computer
8580,Female,08-10-2022,50004628,63,1,57.12,57.12,Vietnam,Computer
8930,Male,08-11-2022,61142206,51,2,50.59,101.18,Spain,Computer
4957,Female,08-11-2022,82649669,24,2,99.58,199.16,United Kingdom,Mobile
8026,Female,08-12-2022,55944058,14,3,89.76,269.28,Belgium,Computer
2790,Male,8/13/2022,86782994,27,1,72.93,72.93,Netherlands,Computer
5304,Male,8/14/2022,92154994,21,1,98.91,98.91,Italy,Computer
6642,Male,8/15/2022,21771787,8,3,67.18,201.54,United States,Computer
3037,Male,8/15/2022,88742537,84,1,32.88,32.88,Italy,Computer
3023,Female,8/15/2022,23652570,90,1,21.51,21.51,United Kingdom,Computer
7996,Male,8/16/2022,99699827,52,2,20.15,40.3,United States,Mobile
5012,Male,8/16/2022,13035253,68,2,32.68,65.36,Japan,Computer
5308,Male,8/17/2022,19940830,100,3,98.59,295.77,South Korea,Computer
8709,Male,8/18/2022,57010225,54,2,90.78,181.56,Poland,Computer
7014,Female,8/19/2022,96161785,89,2,37.61,75.22,Indonesia,Computer
5050,Male,8/19/2022,38560657,50,3,50.71,152.13,Japan,Computer
1582,Male,8/20/2022,14479218,4,1,32.43,32.43,India,Mobile
8446,Male,8/20/2022,81511071,66,2,56.01,112.02,India,Computer
6020,Female,8/21/2022,84329105,27,3,72.93,218.79,Taiwan,Computer
7188,Male,8/21/2022,60983196,42,3,74.77,224.31,United States,Mobile
7281,Male,8/22/2022,53654280,83,3,1.22,3.66,United Kingdom,Computer
6438,Male,8/22/2022,79140570,96,1,36.96,36.96,Germany,Computer
3774,Female,8/23/2022,43955803,21,1,98.91,98.91,Spain,Computer
2284,Male,8/23/2022,37157651,34,2,48.24,96.48,Spain,Computer
8352,Female,8/24/2022,39313376,99,2,36.83,73.66,United States,Mobile
7135,Male,8/25/2022,58189059,6,3,8.07,24.21,China,Computer
9232,Male,8/25/2022,93060639,74,3,33.51,100.53,Switzerland,Computer
6228,Female,8/25/2022,44526956,21,2,98.91,197.82,United States,Computer
8952,Female,8/25/2022,91632390,97,3,56.74,170.22,Russia,Computer
8057,Female,8/26/2022,28228515,86,2,93.47,186.94,Philippines,Mobile
6245,Male,8/27/2022,78993178,1,2,81.91,163.82,Italy,Computer
1957,Male,8/28/2022,46061617,75,3,32.34,97.02,Japan,Mobile
9137,Male,8/29/2022,78820250,98,1,85.04,85.04,Italy,Computer
3350,Male,8/29/2022,16356402,70,3,63.88,191.64,Philippines,Computer
1559,Male,8/29/2022,76262200,34,1,48.24,48.24,China,Computer
7885,Male,8/30/2022,92015276,18,1,1.97,1.97,Japan,Computer
8476,Male,8/31/2022,29119333,7,3,59.68,179.04,South Korea,Computer
4674,Male,8/31/2022,47623146,29,2,1.91,3.82,Italy,Computer
3415,Male,09-01-2022,79432977,44,3,52.78,158.34,Germany,Computer
3892,Male,09-01-2022,79033640,69,1,96.47,96.47,Germany,Computer
2108,Male,09-02-2022,25898689,88,3,40.95,122.85,Taiwan,Computer
8336,Female,09-02-2022,29424735,49,2,99.72,199.44,Japan,Computer
7650,Male,09-03-2022,51362562,88,1,40.95,40.95,United States,Computer
2828,Male,09-04-2022,64115114,95,3,50.48,151.44,Canada,Mobile
2177,Female,09-05-2022,71223109,19,3,13.2,39.6,Canada,Mobile
4414,Male,09-05-2022,80432432,93,2,67.46,134.92,South Korea,Computer
7222,Male,09-06-2022,47822593,6,2,8.07,16.14,Italy,Mobile
5638,Male,09-06-2022,64685892,76,3,76.67,230.01,United States,Mobile
8557,Male,09-07-2022,77299355,64,2,35.23,70.46,Belgium,Computer
5015,Male,09-08-2022,55697012,90,3,21.51,64.53,Japan,Computer
9334,Male,09-08-2022,89693505,47,3,64.64,193.92,Turkey,Computer
4886,Male,09-09-2022,98183049,65,3,38.95,116.85,Turkey,Mobile
6626,Female,09-09-2022,60080351,19,3,13.2,39.6,China,Computer
4510,Male,09-09-2022,83023188,18,3,1.97,5.91,United Kingdom,Mobile
6037,Male,09-10-2022,83456655,63,3,57.12,171.36,Argentina,Computer
7323,Male,09-10-2022,53027114,36,1,48.16,48.16,Russia,Computer
7364,Male,09-10-2022,86092082,38,2,26.03,52.06,Japan,Computer
7677,Male,09-11-2022,51262895,60,3,91.28,273.84,United States,Computer
6136,Male,09-11-2022,39597845,57,2,13.08,26.16,Russia,Mobile
2229,Male,09-12-2022,31849353,34,2,48.24,96.48,South Korea,Mobile
4526,Male,9/13/2022,37619357,51,3,50.59,151.77,Netherlands,Mobile
2524,Male,9/13/2022,82281509,94,1,17.63,17.63,Switzerland,Computer
3196,Female,9/14/2022,74498481,37,1,11.5,11.5,Brazil,Computer
8133,Male,9/15/2022,93436638,22,3,41.48,124.44,Egypt,Mobile
1111,Male,9/15/2022,51081930,44,2,52.78,105.56,South Korea,Computer
6607,Male,9/16/2022,58295151,20,3,81.89,245.67,Canada,Mobile
9604,Female,9/16/2022,60175199,45,2,3.67,7.34,Russia,Computer
3717,Male,9/17/2022,13450884,30,2,6.08,12.16,United Kingdom,Computer
7514,Male,9/18/2022,90493509,70,2,63.88,127.76,South Korea,Mobile
5993,Male,9/19/2022,42043745,92,2,58.5,117,United States,Computer
6760,Male,9/19/2022,18876579,91,1,67.48,67.48,Japan,Computer
4828,Male,9/20/2022,70040509,70,1,63.88,63.88,Canada,Computer
6998,Male,9/20/2022,75492969,81,3,52.96,158.88,India,Computer
3415,Male,9/20/2022,78759130,96,2,36.96,73.92,Germany,Mobile
5595,Female,9/21/2022,30731326,16,3,39.33,117.99,Mexico,Mobile
3446,Female,9/22/2022,13546756,28,1,5.32,5.32,South Korea,Computer
4386,Female,9/22/2022,90033965,30,2,6.08,12.16,Indonesia,Mobile
2528,Male,9/23/2022,85584035,9,2,73.83,147.66,Netherlands,Computer
7029,Female,9/24/2022,87182601,52,2,20.15,40.3,Turkey,Mobile
8391,Male,9/24/2022,78820196,65,3,38.95,116.85,Brazil,Computer
6006,Female,9/24/2022,52281478,37,1,11.5,11.5,Turkey,Computer
4230,Male,9/25/2022,86407962,4,2,32.43,64.86,Russia,Computer
2242,Female,9/25/2022,99569706,74,1,33.51,33.51,Taiwan,Computer
4681,Female,9/25/2022,66680044,4,3,32.43,97.29,Australia,Computer
1390,Female,9/26/2022,27761603,61,1,70.34,70.34,Australia,Computer
1357,Male,9/27/2022,63129132,62,1,81.46,81.46,Japan,Computer
7187,Male,9/28/2022,32419196,82,3,5.82,17.46,China,Mobile
9803,Male,9/29/2022,87996421,80,3,77.64,232.92,Netherlands,Computer
8679,Male,9/29/2022,97283623,82,1,5.82,5.82,South Korea,Computer
1579,Male,9/30/2022,58112433,7,3,59.68,179.04,Indonesia,Computer
4589,Female,9/30/2022,74009456,57,2,13.08,26.16,United Kingdom,Mobile
1544,Male,9/30/2022,38842214,54,3,90.78,272.34,United States,Computer
9345,Male,10-01-2022,92562017,55,1,73.53,73.53,Switzerland,Computer
1900,Male,10-01-2022,47375509,71,3,57.53,172.59,Vietnam,Computer
9894,Male,10-02-2022,33342166,3,1,97.19,97.19,Canada,Computer
4869,Male,10-02-2022,62577320,70,2,63.88,127.76,Argentina,Mobile
8567,Female,10-02-2022,32990724,96,3,36.96,110.88,South Korea,Computer
4067,Male,10-02-2022,57602809,49,2,99.72,199.44,Germany,Computer
2335,Male,10-02-2022,44707622,24,2,99.58,199.16,China,Computer
7035,Male,10-03-2022,90054310,46,1,9.88,9.88,India,Computer
7829,Female,10-04-2022,89932597,50,3,50.71,152.13,United Kingdom,Computer
9002,Male,10-04-2022,21780245,4,2,32.43,64.86,Vietnam,Computer
3154,Male,10-05-2022,22044501,28,3,5.32,15.96,Italy,Computer
9486,Female,10-05-2022,88161088,24,1,99.58,99.58,Belgium,Mobile
4017,Male,10-06-2022,60933227,99,1,36.83,36.83,United States,Computer
3381,Female,10-06-2022,80602430,19,1,13.2,13.2,Canada,Mobile
8464,Male,10-07-2022,34950603,88,3,40.95,122.85,China,Computer
1877,Male,10-07-2022,46600387,74,2,33.51,67.02,China,Mobile
6449,Female,10-08-2022,22577362,35,2,78.78,157.56,India,Computer
8900,Male,10-08-2022,62487853,90,1,21.51,21.51,Japan,Mobile
7017,Male,10-09-2022,16353328,28,1,5.32,5.32,Taiwan,Computer
4238,Male,10-09-2022,20642675,25,1,11.29,11.29,Russia,Computer
6520,Male,10-09-2022,29651880,79,3,33.28,99.84,China,Mobile
9969,Female,10-10-2022,58171560,92,3,58.5,175.5,South Korea,Computer
1902,Male,10-11-2022,73502680,75,2,32.34,64.68,United Kingdom,Computer
8876,Male,10-12-2022,30592091,57,1,13.08,13.08,Indonesia,Computer
3722,Male,10-12-2022,52289649,78,3,19.66,58.98,Japan,Computer
1345,Male,10/13/2022,61164744,24,2,99.58,199.16,Mexico,Computer
2909,Female,10/13/2022,58054439,44,1,52.78,52.78,France,Mobile
4035,Female,10/14/2022,49453160,16,2,39.33,78.66,Mexico,Computer
3801,Male,10/15/2022,19203263,97,3,56.74,170.22,Australia,Mobile
6170,Female,10/15/2022,71640747,94,3,17.63,52.89,United Kingdom,Mobile
1511,Male,10/16/2022,29105017,5,1,11.97,11.97,Japan,Mobile
3958,Male,10/16/2022,13084976,37,1,11.5,11.5,Taiwan,Computer
6100,Male,10/17/2022,35689010,69,2,96.47,192.94,United Kingdom,Computer
9533,Male,10/17/2022,92377740,91,3,67.48,202.44,Japan,Computer
2684,Male,10/18/2022,90312853,56,3,87.34,262.02,Germany,Computer
4484,Male,10/19/2022,37975869,46,3,9.88,29.64,Switzerland,Computer
9847,Male,10/20/2022,94348294,31,1,43.5,43.5,Spain,Mobile
6617,Male,10/20/2022,28557611,57,3,13.08,39.24,Germany,Computer
5939,Male,10/20/2022,92608308,61,3,70.34,211.02,Spain,Mobile
4088,Male,10/21/2022,54569050,29,3,1.91,5.73,Japan,Computer
3259,Male,10/22/2022,94095135,2,3,33.11,99.33,United States,Computer
6247,Male,10/22/2022,71414120,68,1,32.68,32.68,Vietnam,Mobile
4756,Male,10/22/2022,45432071,96,3,36.96,110.88,Thailand,Computer
9722,Female,10/23/2022,45304791,7,1,59.68,59.68,United Kingdom,Mobile
6482,Female,10/24/2022,65891010,78,3,19.66,58.98,Canada,Computer
2539,Male,10/24/2022,43890863,13,1,41.29,41.29,France,Mobile
7141,Male,10/25/2022,46237113,92,3,58.5,175.5,Russia,Mobile
7106,Male,10/25/2022,60485026,73,2,30.57,61.14,France,Mobile
8402,Male,10/25/2022,37284060,84,1,32.88,32.88,Indonesia,Computer
5024,Female,10/26/2022,20866694,50,1,50.71,50.71,Russia,Computer
8353,Male,10/27/2022,28963102,89,2,37.61,75.22,Poland,Computer
9865,Male,10/27/2022,45918117,34,2,48.24,96.48,India,Computer
3719,Male,10/28/2022,75492692,57,2,13.08,26.16,Russia,Computer
6123,Male,10/28/2022,66774980,23,3,95.72,287.16,South Korea,Computer
7342,Male,10/29/2022,91673557,90,3,21.51,64.53,Poland,Mobile
2901,Female,10/29/2022,26776695,47,2,64.64,129.28,Argentina,Computer
3882,Male,10/30/2022,40032099,16,1,39.33,39.33,Philippines,Computer
4773,Female,10/30/2022,93203823,63,2,57.12,114.24,Germany,Computer
9400,Female,10/31/2022,87560467,63,3,57.12,171.36,Poland,Mobile
9260,Female,10/31/2022,26902189,72,3,3.55,10.65,France,Computer
2891,Male,11-01-2022,43987952,75,1,32.34,32.34,Nigeria,Computer
9680,Male,11-02-2022,65093745,7,3,59.68,179.04,Saudi Arabia,Computer
9855,Male,11-02-2022,11259115,17,2,18.86,37.72,Poland,Computer
3563,Female,11-02-2022,55397146,30,2,6.08,12.16,Russia,Mobile
6970,Male,11-03-2022,13195168,25,3,11.29,33.87,United States,Computer
4379,Female,11-04-2022,60454233,56,1,87.34,87.34,Saudi Arabia,Mobile
7145,Female,11-04-2022,20974128,73,3,30.57,91.71,Italy,Computer
1381,Female,11-05-2022,46200658,13,3,41.29,123.87,Germany,Computer
8545,Male,11-06-2022,98075444,16,1,39.33,39.33,United Kingdom,Computer
9652,Male,11-06-2022,83214461,65,3,38.95,116.85,Iran,Computer
4191,Female,11-07-2022,19023552,89,3,37.61,112.83,Taiwan,Computer
2469,Male,11-08-2022,47632468,33,3,28.56,85.68,Russia,Mobile
2745,Male,11-08-2022,29257454,85,1,68.31,68.31,Brazil,Computer
2435,Male,11-09-2022,91779904,17,3,18.86,56.58,Turkey,Computer
4412,Female,11-10-2022,28134504,96,3,36.96,110.88,China,Mobile
7110,Male,11-10-2022,81647647,11,1,4.31,4.31,Italy,Mobile
1218,Male,11-11-2022,72885849,7,1,59.68,59.68,Spain,Mobile
6218,Male,11-11-2022,30120531,10,3,19.34,58.02,United Kingdom,Computer
3933,Male,11-11-2022,73412341,32,1,91.37,91.37,United States,Mobile
9385,Male,11-12-2022,98790966,72,2,3.55,7.1,Japan,Mobile
9765,Male,11-12-2022,82881672,65,3,38.95,116.85,Belgium,Computer
3001,Female,11-12-2022,48927931,84,1,32.88,32.88,Iran,Computer
6843,Male,11/13/2022,20303754,63,3,57.12,171.36,Mexico,Computer
3595,Male,11/13/2022,67434353,74,2,33.51,67.02,Brazil,Mobile
2523,Male,11/14/2022,18860789,54,1,90.78,90.78,United States,Mobile
4888,Male,11/14/2022,51766477,91,3,67.48,202.44,Iran,Mobile
9206,Male,11/15/2022,80459583,16,2,39.33,78.66,Italy,Computer
4887,Male,11/15/2022,55996000,66,3,56.01,168.03,Egypt,Mobile
2165,Female,11/15/2022,43978947,71,2,57.53,115.06,Spain,Mobile
1899,Male,11/15/2022,29284541,46,3,9.88,29.64,Brazil,Computer
7239,Male,11/16/2022,59867239,79,3,33.28,99.84,Germany,Computer
9935,Male,11/17/2022,38782627,9,1,73.83,73.83,United States,Computer
8575,Female,11/17/2022,72848784,40,2,89.85,179.7,Netherlands,Mobile
7295,Male,11/17/2022,87589048,39,2,41.61,83.22,United States,Computer
5257,Female,11/18/2022,25213614,79,2,33.28,66.56,Japan,Computer
2856,Male,11/19/2022,56321829,80,2,77.64,155.28,South Korea,Computer
4264,Male,11/20/2022,50101463,96,1,36.96,36.96,Australia,Computer
9851,Male,11/20/2022,51584721,23,3,95.72,287.16,Turkey,Computer
1724,Female,11/21/2022,33985329,55,2,73.53,147.06,Canada,Computer
8722,Male,11/22/2022,94573950,95,3,50.48,151.44,United Kingdom,Computer
9689,Male,11/22/2022,45638180,8,3,67.18,201.54,Australia,Computer
3294,Male,11/22/2022,11757230,7,3,59.68,179.04,Mexico,Computer
4228,Male,11/22/2022,43266304,17,1,18.86,18.86,France,Computer
7845,Male,11/23/2022,38851596,41,1,32.33,32.33,United Kingdom,Computer
5229,Male,11/23/2022,25429275,47,1,64.64,64.64,South Korea,Computer
7012,Male,11/24/2022,40448897,27,3,72.93,218.79,India,Computer
8248,Male,11/25/2022,88509845,22,2,41.48,82.96,Turkey,Computer
1218,Male,11/25/2022,27122430,6,2,8.07,16.14,Canada,Computer
5126,Female,11/25/2022,44825057,66,2,56.01,112.02,China,Computer
6663,Male,11/26/2022,35597769,36,3,48.16,144.48,Japan,Computer
2015,Male,11/26/2022,62270119,46,2,9.88,19.76,Nigeria,Computer
2522,Male,11/26/2022,67977493,81,2,52.96,105.92,Germany,Mobile
4592,Male,11/27/2022,88204087,41,2,32.33,64.66,Japan,Mobile
8128,Female,11/27/2022,73002542,14,2,89.76,179.52,Taiwan,Mobile
6030,Female,11/28/2022,19212425,36,1,48.16,48.16,Indonesia,Computer
5123,Male,11/28/2022,48832332,21,1,98.91,98.91,Belgium,Computer
5771,Female,11/28/2022,47899530,89,2,37.61,75.22,Turkey,Computer
6090,Male,11/28/2022,84782876,70,2,63.88,127.76,Mexico,Computer
5456,Female,11/29/2022,74101605,24,3,99.58,298.74,United Kingdom,Computer
3697,Male,11/29/2022,73099661,73,3,30.57,91.71,Japan,Computer
7964,Male,11/30/2022,76318383,21,3,98.91,296.73,United States,Computer
5784,Female,11/30/2022,53319656,29,2,1.91,3.82,Switzerland,Mobile
5803,Male,12-01-2022,13124841,78,3,19.66,58.98,Australia,Computer
2525,Female,12-01-2022,75701916,91,1,67.48,67.48,South Korea,Computer
5563,Male,12-01-2022,96369130,53,2,7.51,15.02,France,Computer
2097,Male,12-02-2022,91304012,89,3,37.61,112.83,India,Computer
8569,Male,12-03-2022,51520549,57,2,13.08,26.16,Italy,Computer
3490,Male,12-04-2022,79772628,16,3,39.33,117.99,Taiwan,Mobile
2742,Male,12-04-2022,16405514,9,1,73.83,73.83,Japan,Computer
7972,Female,12-04-2022,96293067,9,1,73.83,73.83,Turkey,Computer
6509,Male,12-04-2022,75264436,46,3,9.88,29.64,Iran,Computer
8777,Female,12-05-2022,13421797,78,1,19.66,19.66,Spain,Mobile
8824,Female,12-05-2022,36011508,47,3,64.64,193.92,United States,Computer
6787,Male,12-06-2022,14071345,59,2,79.57,159.14,Indonesia,Computer
9997,Male,12-07-2022,35106132,32,1,91.37,91.37,United States,Mobile
1880,Male,12-07-2022,30221757,28,1,5.32,5.32,India,Computer
7182,Male,12-08-2022,40752075,99,3,36.83,110.49,China,Computer
8444,Male,12-08-2022,65563357,20,3,81.89,245.67,United States,Computer
9386,Male,12-09-2022,66472076,69,1,96.47,96.47,Philippines,Mobile
4197,Male,12-09-2022,61351923,85,2,68.31,136.62,Mexico,Computer
9028,Male,12-09-2022,52963760,39,3,41.61,124.83,Japan,Computer
7740,Male,12-10-2022,93725539,35,2,78.78,157.56,Netherlands,Mobile
9033,Male,12-10-2022,62809669,95,2,50.48,100.96,Poland,Mobile
3907,Male,12-10-2022,35733494,11,1,4.31,4.31,Australia,Computer
4799,Female,12-11-2022,73555109,71,3,57.53,172.59,Russia,Computer
3951,Female,12-11-2022,19736943,26,1,34.43,34.43,Brazil,Mobile
3526,Male,12-11-2022,18856137,2,2,33.11,66.22,Australia,Mobile
1821,Male,12-12-2022,55576952,51,3,50.59,151.77,Mexico,Computer
4205,Female,12-12-2022,16518231,35,1,78.78,78.78,United States,Computer
2970,Female,12-12-2022,11758801,48,1,31.26,31.26,Russia,Computer
4599,Male,12/13/2022,18944610,78,1,19.66,19.66,Belgium,Computer
3628,Male,12/13/2022,49987051,19,1,13.2,13.2,Thailand,Computer
1332,Female,12/13/2022,46922261,50,2,50.71,101.42,United Kingdom,Computer
2236,Female,12/13/2022,77593984,1,1,81.91,81.91,Canada,Mobile
1163,Male,12/14/2022,39524753,31,3,43.5,130.5,Mexico,Computer
5696,Female,12/15/2022,73331273,21,1,98.91,98.91,India,Computer
8188,Female,12/16/2022,39041972,86,1,93.47,93.47,Spain,Mobile
9499,Male,12/16/2022,88223353,3,1,97.19,97.19,India,Mobile
8317,Female,12/17/2022,50448882,82,3,5.82,17.46,Japan,Mobile
1143,Female,12/17/2022,15436977,56,2,87.34,174.68,Philippines,Mobile
2708,Female,12/18/2022,37432731,48,2,31.26,62.52,Turkey,Computer
2927,Male,12/18/2022,95611930,30,3,6.08,18.24,Australia,Computer
4161,Female,12/18/2022,74962730,25,1,11.29,11.29,India,Mobile
7468,Female,12/19/2022,23825020,85,1,68.31,68.31,United States,Mobile
6931,Male,12/19/2022,25540918,94,2,17.63,35.26,Indonesia,Mobile
1356,Male,12/20/2022,78315723,84,3,32.88,98.64,United Kingdom,Computer
4688,Male,12/21/2022,97894082,51,3,50.59,151.77,Japan,Computer
5659,Female,12/21/2022,26079986,92,2,58.5,117,Taiwan,Computer
6205,Male,12/22/2022,44759931,44,3,52.78,158.34,Germany,Computer
4446,Male,12/22/2022,49527067,68,2,32.68,65.36,United States,Computer
3940,Female,12/23/2022,42531003,50,1,50.71,50.71,Argentina,Mobile
4726,Female,12/24/2022,32742210,49,3,99.72,299.16,United Kingdom,Computer
3830,Male,12/24/2022,55095132,33,2,28.56,57.12,Germany,Mobile
9290,Male,12/25/2022,64974893,66,3,56.01,168.03,United States,Computer
7422,Male,12/26/2022,11238389,66,3,56.01,168.03,Mexico,Computer
9145,Male,12/26/2022,80334038,29,1,1.91,1.91,Turkey,Computer
4535,Male,12/27/2022,58492893,20,2,81.89,163.78,United Kingdom,Computer
8086,Female,12/27/2022,34471356,14,3,89.76,269.28,Italy,Mobile
8230,Male,12/28/2022,60428251,92,3,58.5,175.5,India,Mobile
6102,Male,12/28/2022,81145908,6,2,8.07,16.14,United States,Mobile
6085,Male,12/29/2022,48520470,74,1,33.51,33.51,Brazil,Computer
1522,Male,12/29/2022,40812543,16,1,39.33,39.33,Canada,Computer
2271,Female,12/30/2022,96860779,75,1,32.34,32.34,China,Mobile
8798,Female,12/30/2022,32453379,36,3,48.16,144.48,Russia,Computer
4326,Male,12/31/2022,98365868,8,1,67.18,67.18,South Korea,Mobile
7408,Male,12/31/2022,65110231,9,2,73.83,147.66,Netherlands,Computer
6790,Female,01-01-2023,83166557,97,3,56.74,170.22,China,Computer
1495,Male,01-02-2023,27366388,68,1,32.68,32.68,South Korea,Computer
6135,Male,01-03-2023,65515987,87,3,50.56,151.68,Spain,Computer
9695,Female,01-03-2023,79120145,81,2,52.96,105.92,Italy,Mobile
1284,Female,01-04-2023,45524273,26,2,34.43,68.86,United Kingdom,Mobile
8086,Female,01-04-2023,99537886,47,3,64.64,193.92,Germany,Mobile
3221,Male,01-04-2023,43671980,71,1,57.53,57.53,Canada,Computer
6390,Male,01-05-2023,26811591,83,1,1.22,1.22,Egypt,Computer
8227,Male,01-06-2023,34901839,29,2,1.91,3.82,France,Computer
7427,Male,01-06-2023,16620966,46,3,9.88,29.64,Spain,Mobile
3488,Male,01-07-2023,95176833,86,3,93.47,280.41,Brazil,Computer
4114,Male,01-07-2023,43480402,40,3,89.85,269.55,China,Computer
4433,Male,01-08-2023,58404403,76,1,76.67,76.67,Indonesia,Computer
2763,Male,01-08-2023,93352019,55,1,73.53,73.53,Taiwan,Computer
4593,Female,01-08-2023,71297829,19,2,13.2,26.4,Germany,Computer
7043,Female,01-09-2023,79446211,44,1,52.78,52.78,Japan,Computer
5092,Male,01-10-2023,27159473,83,1,1.22,1.22,South Korea,Computer
7175,Male,01-10-2023,69995511,56,1,87.34,87.34,South Korea,Mobile
8410,Male,01-10-2023,59001160,66,2,56.01,112.02,Canada,Computer
1184,Male,01-10-2023,93556967,82,3,5.82,17.46,Saudi Arabia,Computer
1645,Female,01-10-2023,66680866,64,3,35.23,105.69,Australia,Computer
7251,Female,01-11-2023,96643539,40,1,89.85,89.85,Germany,Computer
7661,Male,01-12-2023,21602142,60,1,91.28,91.28,Poland,Computer
9700,Male,01-12-2023,50944223,92,1,58.5,58.5,China,Computer
8025,Female,01-12-2023,34179861,53,1,7.51,7.51,Canada,Mobile
4528,Male,1/13/2023,72344561,89,1,37.61,37.61,Germany,Computer
7821,Male,1/13/2023,85547990,33,1,28.56,28.56,Indonesia,Computer
7433,Male,1/13/2023,64120737,24,2,99.58,199.16,United Kingdom,Computer
8266,Female,1/14/2023,69876330,66,3,56.01,168.03,Japan,Mobile
7707,Male,1/15/2023,34581117,75,2,32.34,64.68,United Kingdom,Computer
3044,Male,1/15/2023,47276812,90,2,21.51,43.02,Poland,Computer
7768,Male,1/16/2023,98344383,84,1,32.88,32.88,Netherlands,Computer
9139,Male,1/17/2023,13391466,20,3,81.89,245.67,United States,Computer
5678,Male,1/17/2023,76223635,100,1,98.59,98.59,South Korea,Computer
7445,Male,1/17/2023,72151616,73,2,30.57,61.14,Spain,Mobile
4010,Female,1/18/2023,32048585,38,3,26.03,78.09,France,Mobile
4796,Male,1/18/2023,81803585,59,1,79.57,79.57,Egypt,Computer
5818,Female,1/18/2023,39104466,26,3,34.43,103.29,Germany,Computer
2455,Male,1/19/2023,13351668,6,1,8.07,8.07,Russia,Computer
4900,Male,1/20/2023,64543583,23,3,95.72,287.16,France,Mobile
6554,Male,1/20/2023,97758094,20,2,81.89,163.78,Germany,Computer
2190,Female,1/21/2023,55304822,77,2,20.4,40.8,United States,Mobile
8426,Male,1/22/2023,51606548,65,3,38.95,116.85,India,Computer
1381,Female,1/23/2023,89933208,46,2,9.88,19.76,Spain,Mobile
6266,Male,1/23/2023,91167128,64,2,35.23,70.46,Russia,Computer
6636,Male,1/24/2023,54056838,22,3,41.48,124.44,Japan,Mobile
9946,Male,1/24/2023,71758164,7,2,59.68,119.36,United Kingdom,Computer
3821,Male,1/25/2023,93212555,91,1,67.48,67.48,Germany,Computer
4756,Male,1/26/2023,95140098,89,1,37.61,37.61,United States,Computer
6459,Female,1/26/2023,90198226,73,1,30.57,30.57,Philippines,Computer
1914,Male,1/27/2023,95646116,5,2,11.97,23.94,United Kingdom,Computer
5476,Female,1/28/2023,48820778,96,1,36.96,36.96,China,Computer
5032,Male,1/29/2023,18806652,7,1,59.68,59.68,Egypt,Mobile
4950,Male,1/30/2023,37198639,36,3,48.16,144.48,Spain,Computer
9167,Male,1/31/2023,49032001,78,1,19.66,19.66,Switzerland,Computer
9640,Female,1/31/2023,62665947,25,3,11.29,33.87,India,Computer
3431,Male,02-01-2023,39804011,38,2,26.03,52.06,Brazil,Computer
2618,Male,02-02-2023,48255476,19,2,13.2,26.4,United States,Computer
3416,Male,02-02-2023,39922160,5,2,11.97,23.94,China,Computer
5165,Male,02-02-2023,21385852,16,1,39.33,39.33,Mexico,Computer
8594,Male,02-03-2023,71948518,70,1,63.88,63.88,France,Computer
1791,Female,02-03-2023,59286003,97,3,56.74,170.22,Germany,Mobile
1766,Male,02-04-2023,57853371,6,2,8.07,16.14,Canada,Mobile
1733,Male,02-05-2023,70501582,58,3,74.55,223.65,Netherlands,Computer
1388,Female,02-05-2023,14320020,53,3,7.51,22.53,Brazil,Mobile
9781,Male,02-06-2023,30575678,70,1,63.88,63.88,Canada,Computer
6047,Female,02-06-2023,30514547,79,1,33.28,33.28,Vietnam,Computer
5487,Male,02-06-2023,31252972,50,1,50.71,50.71,Australia,Mobile
1168,Male,02-07-2023,20379604,85,3,68.31,204.93,South Korea,Computer
2960,Male,02-08-2023,42660282,59,3,79.57,238.71,Brazil,Mobile
3250,Male,02-08-2023,27575870,26,2,34.43,68.86,Australia,Mobile
8715,Male,02-08-2023,50028856,35,3,78.78,236.34,Australia,Computer
4470,Male,02-09-2023,29429078,59,3,79.57,238.71,United Kingdom,Mobile
1972,Male,02-09-2023,28198247,19,2,13.2,26.4,Spain,Computer
9799,Male,02-10-2023,64528673,90,3,21.51,64.53,Nigeria,Computer
6640,Female,02-10-2023,53222540,51,2,50.59,101.18,United Kingdom,Mobile
8571,Male,02-10-2023,24703945,39,1,41.61,41.61,Saudi Arabia,Computer
9969,Female,02-11-2023,87693057,83,3,1.22,3.66,Japan,Computer
6781,Male,02-12-2023,67432325,84,1,32.88,32.88,Japan,Computer
9120,Male,02-12-2023,38746627,32,1,91.37,91.37,India,Computer
2871,Female,2/13/2023,12510965,100,2,98.59,197.18,Netherlands,Computer
5843,Male,2/13/2023,76313350,1,2,81.91,163.82,United States,Computer
8539,Female,2/13/2023,93403142,98,2,85.04,170.08,Netherlands,Mobile
4809,Female,2/14/2023,76798584,30,2,6.08,12.16,Mexico,Computer
7437,Male,2/14/2023,21225809,64,1,35.23,35.23,Australia,Computer
3268,Male,2/15/2023,87556056,61,3,70.34,211.02,Mexico,Mobile
1370,Female,2/15/2023,41759797,10,3,19.34,58.02,Russia,Computer
6268,Female,2/16/2023,68776829,96,3,36.96,110.88,Mexico,Mobile
3792,Female,2/16/2023,16708534,56,2,87.34,174.68,Egypt,Computer
3046,Female,2/16/2023,57043457,43,3,30.66,91.98,Brazil,Computer
3587,Female,2/16/2023,19725190,93,1,67.46,67.46,Indonesia,Computer
9958,Male,2/16/2023,50147250,74,1,33.51,33.51,South Korea,Computer
1165,Male,2/16/2023,92409298,21,2,98.91,197.82,Mexico,Mobile
3623,Male,2/16/2023,96715131,33,1,28.56,28.56,Argentina,Computer
6641,Male,2/17/2023,71666454,71,1,57.53,57.53,United States,Computer
9662,Male,2/18/2023,73904867,4,1,32.43,32.43,China,Mobile
3113,Male,2/18/2023,56000582,78,1,19.66,19.66,Japan,Computer
5937,Male,2/19/2023,98974161,22,3,41.48,124.44,Turkey,Computer
2746,Female,2/19/2023,89885671,81,2,52.96,105.92,Mexico,Computer
6106,Male,2/20/2023,65945488,16,1,39.33,39.33,United States,Mobile
6646,Female,2/20/2023,35532216,7,3,59.68,179.04,Germany,Computer
1176,Male,2/21/2023,81939707,80,3,77.64,232.92,United States,Computer
3253,Male,2/21/2023,24251881,2,1,33.11,33.11,Saudi Arabia,Computer
2054,Male,2/22/2023,24736698,84,3,32.88,98.64,Japan,Computer
2175,Female,2/23/2023,25949637,32,3,91.37,274.11,South Korea,Computer
2256,Male,2/24/2023,80005427,2,3,33.11,99.33,United States,Computer
9096,Female,2/24/2023,72981434,92,3,58.5,175.5,Switzerland,Computer
8214,Male,2/25/2023,54322337,58,3,74.55,223.65,Argentina,Mobile
5029,Male,2/25/2023,24335652,7,1,59.68,59.68,Russia,Computer
1431,Male,2/25/2023,86650490,42,2,74.77,149.54,Turkey,Computer
4373,Male,2/26/2023,14979153,78,1,19.66,19.66,Saudi Arabia,Computer
7425,Male,2/26/2023,51021233,79,3,33.28,99.84,Japan,Computer
3925,Male,2/27/2023,15109473,8,3,67.18,201.54,China,Mobile
6904,Male,2/27/2023,24583680,46,2,9.88,19.76,Italy,Computer
3439,Male,2/28/2023,15463228,30,3,6.08,18.24,France,Mobile
3240,Female,2/28/2023,60971014,5,1,11.97,11.97,Italy,Mobile
2070,Female,03-01-2023,22527330,53,3,7.51,22.53,Australia,Computer
4563,Male,03-01-2023,88642979,2,3,33.11,99.33,Germany,Computer
9650,Male,03-01-2023,17262402,94,3,17.63,52.89,Japan,Computer
4236,Male,03-02-2023,68017996,79,2,33.28,66.56,United States,Mobile
6372,Female,03-02-2023,60373236,93,1,67.46,67.46,Russia,Computer
2177,Female,03-03-2023,58809157,64,3,35.23,105.69,United States,Computer
3849,Male,03-03-2023,84939859,1,3,81.91,245.73,France,Computer
6454,Female,03-03-2023,53603845,14,3,89.76,269.28,China,Mobile
8582,Male,03-04-2023,71675857,55,3,73.53,220.59,France,Computer
8486,Female,03-04-2023,43805247,42,2,74.77,149.54,China,Computer
1339,Female,03-05-2023,62343106,55,1,73.53,73.53,Germany,Computer
2515,Female,03-05-2023,80135294,47,3,64.64,193.92,Brazil,Computer
4028,Male,03-06-2023,88315554,61,2,70.34,140.68,Canada,Computer
8080,Female,03-06-2023,86810950,34,1,48.24,48.24,France,Computer
6182,Female,03-07-2023,61502183,87,1,50.56,50.56,United Kingdom,Computer
6350,Male,03-07-2023,91141257,62,1,81.46,81.46,Thailand,Computer
8211,Female,03-07-2023,36693982,33,3,28.56,85.68,Italy,Computer
1845,Female,03-07-2023,51594467,3,1,97.19,97.19,Brazil,Computer
3494,Male,03-08-2023,21098068,63,2,57.12,114.24,United Kingdom,Computer
6036,Male,03-08-2023,87859493,77,3,20.4,61.2,France,Computer
9117,Female,03-09-2023,55582499,5,1,11.97,11.97,South Korea,Computer
3217,Male,03-09-2023,55581699,53,1,7.51,7.51,Canada,Computer
9165,Male,03-10-2023,32993573,97,1,56.74,56.74,Argentina,Mobile
1912,Male,03-10-2023,73704870,19,2,13.2,26.4,Russia,Mobile
6981,Male,03-10-2023,27718689,6,1,8.07,8.07,South Korea,Computer
5722,Female,03-11-2023,61688357,7,1,59.68,59.68,India,Mobile
1730,Male,03-12-2023,96058746,46,2,9.88,19.76,Japan,Computer
7527,Male,03-12-2023,76845103,48,3,31.26,93.78,Brazil,Mobile
5570,Female,03-12-2023,91136226,14,3,89.76,269.28,Netherlands,Computer
4317,Female,3/13/2023,97589208,40,1,89.85,89.85,China,Mobile
1516,Female,3/13/2023,19903754,19,2,13.2,26.4,India,Mobile
9297,Male,3/13/2023,75653521,20,3,81.89,245.67,China,Computer
7957,Male,3/13/2023,29346855,45,1,3.67,3.67,Turkey,Mobile
1947,Female,3/13/2023,18784398,54,2,90.78,181.56,Poland,Computer
1488,Male,3/13/2023,21404130,49,1,99.72,99.72,France,Computer
5314,Male,3/14/2023,21773039,9,2,73.83,147.66,Germany,Computer
3584,Female,3/15/2023,42595160,22,2,41.48,82.96,France,Computer
9721,Female,3/15/2023,14898629,82,1,5.82,5.82,United Kingdom,Mobile
3666,Female,3/15/2023,45386154,33,1,28.56,28.56,India,Computer
1416,Male,3/16/2023,19406870,50,3,50.71,152.13,Germany,Mobile
8274,Female,3/17/2023,94286576,92,3,58.5,175.5,India,Computer
4762,Male,3/17/2023,34236152,11,3,4.31,12.93,Brazil,Computer
1555,Female,3/18/2023,76598322,55,1,73.53,73.53,United Kingdom,Mobile
2026,Male,3/19/2023,19642148,10,3,19.34,58.02,United States,Mobile
8317,Female,3/19/2023,13286495,96,1,36.96,36.96,France,Computer
4295,Male,3/20/2023,20846658,77,1,20.4,20.4,Australia,Mobile
6137,Female,3/21/2023,28380074,40,1,89.85,89.85,Turkey,Mobile
5699,Female,3/22/2023,40926562,65,1,38.95,38.95,Taiwan,Computer
4784,Male,3/22/2023,98273457,37,1,11.5,11.5,Japan,Computer
9129,Male,3/22/2023,29116707,39,2,41.61,83.22,United Kingdom,Computer
3356,Male,3/22/2023,58529811,64,3,35.23,105.69,Mexico,Computer
7340,Male,3/22/2023,67695895,8,1,67.18,67.18,South Korea,Mobile
7744,Male,3/23/2023,62600156,18,1,1.97,1.97,Canada,Computer
9804,Female,3/23/2023,96302977,71,2,57.53,115.06,Australia,Mobile
1591,Male,3/24/2023,54745993,41,2,32.33,64.66,China,Computer
1334,Male,3/25/2023,50267118,65,2,38.95,77.9,United Kingdom,Computer
5166,Male,3/26/2023,93243042,3,1,97.19,97.19,Turkey,Computer
3061,Female,3/26/2023,84852316,92,3,58.5,175.5,Germany,Computer
8288,Male,3/26/2023,30351270,39,3,41.61,124.83,Vietnam,Computer
2965,Female,3/27/2023,66354317,100,2,98.59,197.18,United States,Computer
1737,Male,3/27/2023,44224631,32,2,91.37,182.74,Taiwan,Computer
6484,Male,3/27/2023,89153216,39,1,41.61,41.61,Italy,Computer
5012,Male,3/28/2023,16419007,48,1,31.26,31.26,United States,Computer
6637,Female,3/28/2023,26466812,91,1,67.48,67.48,Japan,Computer
8273,Male,3/29/2023,42099960,47,1,64.64,64.64,United States,Mobile
8751,Male,3/30/2023,28412498,11,2,4.31,8.62,United States,Computer
8558,Male,3/30/2023,61678245,1,2,81.91,163.82,Taiwan,Computer
9018,Female,3/30/2023,62335944,7,3,59.68,179.04,Canada,Mobile
8308,Male,3/30/2023,92918601,72,1,3.55,3.55,Germany,Computer
4793,Female,3/31/2023,41617397,8,1,67.18,67.18,South Korea,Mobile
7536,Male,04-01-2023,64772989,13,3,41.29,123.87,United States,Computer
5181,Male,04-01-2023,90895250,6,2,8.07,16.14,India,Mobile
9215,Female,04-01-2023,44703953,21,3,98.91,296.73,Germany,Computer
5433,Male,04-02-2023,61748542,33,1,28.56,28.56,South Korea,Computer
7185,Female,04-02-2023,44708498,93,2,67.46,134.92,Mexico,Computer
6559,Male,04-03-2023,25062238,55,2,73.53,147.06,France,Computer
6095,Male,04-03-2023,63335651,5,3,11.97,35.91,United States,Computer
3667,Male,04-03-2023,12528946,70,2,63.88,127.76,Philippines,Computer
8348,Male,04-04-2023,26541358,100,1,98.59,98.59,China,Computer
2717,Female,04-04-2023,30391922,51,1,50.59,50.59,Switzerland,Computer
7706,Female,04-04-2023,66482218,24,1,99.58,99.58,Egypt,Mobile
9433,Male,04-05-2023,71215172,72,3,3.55,10.65,France,Computer
5820,Male,04-05-2023,44368591,57,2,13.08,26.16,Belgium,Computer
2225,Female,04-06-2023,36496839,52,3,20.15,60.45,Taiwan,Computer
4913,Female,04-07-2023,88680957,80,2,77.64,155.28,Japan,Computer
7136,Female,04-07-2023,98593619,100,2,98.59,197.18,Spain,Computer
9923,Female,04-07-2023,31879734,73,2,30.57,61.14,Mexico,Computer
8101,Female,04-08-2023,76835323,12,3,86.11,258.33,China,Mobile
5120,Male,04-08-2023,96701555,80,1,77.64,77.64,Taiwan,Mobile
7195,Male,04-09-2023,84235858,43,1,30.66,30.66,United States,Computer
2281,Male,04-09-2023,97175439,61,1,70.34,70.34,Japan,Computer
1963,Female,04-10-2023,72673580,70,3,63.88,191.64,Italy,Computer
5954,Male,04-10-2023,44688167,36,2,48.16,96.32,United Kingdom,Computer
2452,Male,04-11-2023,43011534,10,2,19.34,38.68,Indonesia,Computer
5908,Male,04-12-2023,78267651,56,1,87.34,87.34,Canada,Computer
7714,Female,04-12-2023,98500981,34,3,48.24,144.72,Brazil,Mobile
8209,Male,04-12-2023,18195071,94,1,17.63,17.63,United Kingdom,Computer
8936,Male,4/13/2023,77318400,34,2,48.24,96.48,Canada,Computer
8791,Male,4/13/2023,76262322,7,2,59.68,119.36,Canada,Computer
8958,Male,4/13/2023,68899746,83,2,1.22,2.44,Switzerland,Mobile
4404,Female,4/13/2023,34234284,3,1,97.19,97.19,Canada,Mobile
8839,Male,4/14/2023,64626498,54,2,90.78,181.56,France,Mobile
9023,Female,4/14/2023,87696798,82,1,5.82,5.82,Poland,Computer
8920,Male,4/14/2023,20635859,95,2,50.48,100.96,Turkey,Computer
6467,Female,4/15/2023,69121759,27,1,72.93,72.93,China,Computer
4416,Male,4/15/2023,45775656,37,1,11.5,11.5,Japan,Computer
4175,Male,4/15/2023,96617638,61,1,70.34,70.34,Indonesia,Computer
9227,Female,4/16/2023,18279271,15,2,6.32,12.64,France,Computer
8287,Female,4/17/2023,84575288,11,2,4.31,8.62,Brazil,Computer
1879,Male,4/17/2023,11188879,55,3,73.53,220.59,United States,Computer
5035,Male,4/17/2023,15959974,90,1,21.51,21.51,Switzerland,Computer
3698,Male,4/18/2023,88294014,32,2,91.37,182.74,United Kingdom,Mobile
4167,Female,4/18/2023,86814837,34,1,48.24,48.24,France,Computer
4468,Female,4/19/2023,73960263,72,1,3.55,3.55,India,Computer
7799,Female,4/20/2023,88807847,44,3,52.78,158.34,India,Computer
1229,Male,4/20/2023,60463247,31,2,43.5,87,Australia,Computer
7239,Male,4/21/2023,84813901,49,2,99.72,199.44,France,Computer
7393,Male,4/22/2023,77447416,83,3,1.22,3.66,United States,Computer
6187,Female,4/22/2023,21809735,70,1,63.88,63.88,Poland,Computer
6664,Female,4/23/2023,93083707,34,1,48.24,48.24,Indonesia,Mobile
4117,Female,4/23/2023,89821943,3,1,97.19,97.19,France,Computer
2516,Male,4/24/2023,88177124,96,3,36.96,110.88,Saudi Arabia,Computer
5490,Male,4/25/2023,36477957,11,3,4.31,12.93,United Kingdom,Mobile
6576,Male,4/26/2023,39519891,9,1,73.83,73.83,United States,Mobile
1732,Female,4/26/2023,41901096,67,3,17.22,51.66,Germany,Computer
1550,Male,4/26/2023,65473838,6,2,8.07,16.14,Germany,Computer
7657,Male,4/26/2023,46684502,82,2,5.82,11.64,South Korea,Mobile
3156,Male,4/27/2023,93782187,45,1,3.67,3.67,Canada,Mobile
4680,Female,4/28/2023,75641852,47,3,64.64,193.92,Saudi Arabia,Mobile
2546,Male,4/29/2023,35602068,39,3,41.61,124.83,Japan,Computer
5991,Male,4/29/2023,34366577,36,3,48.16,144.48,Egypt,Computer
5398,Female,4/30/2023,30265176,1,2,81.91,163.82,Spain,Computer
1683,Female,4/30/2023,26368361,11,3,4.31,12.93,Spain,Mobile
8859,Male,05-01-2023,76251134,34,3,48.24,144.72,South Korea,Mobile
4975,Male,05-02-2023,89942430,63,2,57.12,114.24,Japan,Mobile
7248,Male,05-02-2023,61699642,12,1,86.11,86.11,United States,Computer
6455,Male,05-03-2023,82075408,38,2,26.03,52.06,Japan,Computer
7054,Female,05-03-2023,79724674,6,1,8.07,8.07,Netherlands,Computer
2338,Male,05-03-2023,90096968,56,2,87.34,174.68,Saudi Arabia,Computer
4375,Male,05-04-2023,76139996,82,2,5.82,11.64,Italy,Mobile
8998,Male,05-05-2023,51571266,11,3,4.31,12.93,Indonesia,Computer
2893,Male,05-05-2023,80790809,77,1,20.4,20.4,China,Mobile
8021,Male,05-06-2023,37884491,2,2,33.11,66.22,United States,Mobile
5152,Female,05-06-2023,31331378,93,1,67.46,67.46,Taiwan,Computer
7892,Female,05-07-2023,99410221,55,3,73.53,220.59,Italy,Computer
7837,Male,05-07-2023,57503188,24,2,99.58,199.16,Philippines,Mobile
9548,Male,05-08-2023,58204990,23,1,95.72,95.72,United Kingdom,Computer
4502,Male,05-09-2023,25134217,74,3,33.51,100.53,United Kingdom,Computer
7469,Male,05-10-2023,83899730,69,1,96.47,96.47,China,Mobile
8307,Male,05-10-2023,78221238,30,1,6.08,6.08,United Kingdom,Computer
5137,Female,05-11-2023,55185505,63,1,57.12,57.12,France,Mobile
1193,Male,05-11-2023,69438602,4,1,32.43,32.43,India,Mobile
8946,Male,05-12-2023,33775002,8,3,67.18,201.54,Canada,Computer
3570,Male,05-12-2023,31740905,26,3,34.43,103.29,Germany,Computer
3808,Male,5/13/2023,85559341,34,2,48.24,96.48,Japan,Computer
5600,Female,5/13/2023,79102874,71,2,57.53,115.06,Turkey,Computer
9515,Male,5/14/2023,24655916,66,2,56.01,112.02,Japan,Computer
8906,Female,5/14/2023,76684846,21,2,98.91,197.82,Switzerland,Computer
9948,Male,5/15/2023,37130577,79,2,33.28,66.56,France,Mobile
2932,Female,5/16/2023,22193539,19,1,13.2,13.2,Japan,Computer
9714,Male,5/16/2023,42331604,78,2,19.66,39.32,Australia,Computer
3902,Male,5/16/2023,83676868,29,3,1.91,5.73,Thailand,Computer
2720,Male,5/17/2023,18414766,1,1,81.91,81.91,Japan,Computer
4903,Male,5/18/2023,75384289,6,3,8.07,24.21,Canada,Computer
9247,Male,5/19/2023,88677462,10,1,19.34,19.34,China,Computer
8467,Male,5/19/2023,83504068,90,1,21.51,21.51,Italy,Computer
1153,Female,5/19/2023,72254158,11,1,4.31,4.31,Thailand,Computer
7490,Female,5/19/2023,89498251,20,3,81.89,245.67,Canada,Mobile
3941,Male,5/20/2023,62682304,60,1,91.28,91.28,Thailand,Computer
6051,Male,5/21/2023,40775336,42,3,74.77,224.31,Netherlands,Mobile
1637,Male,5/22/2023,94787686,36,2,48.16,96.32,Japan,Computer
9719,Male,5/22/2023,49066814,18,1,1.97,1.97,France,Mobile
8416,Male,5/23/2023,74480440,69,3,96.47,289.41,Mexico,Computer
1437,Male,5/23/2023,59124244,84,2,32.88,65.76,United States,Computer
4910,Male,5/24/2023,75561412,3,2,97.19,194.38,Japan,Computer
3396,Male,5/25/2023,75178101,43,3,30.66,91.98,Thailand,Computer
6927,Male,5/25/2023,32780207,57,1,13.08,13.08,France,Mobile
1490,Male,5/25/2023,85545704,73,1,30.57,30.57,Switzerland,Mobile
1972,Male,5/26/2023,61705985,59,3,79.57,238.71,Thailand,Computer
3703,Female,5/26/2023,35706853,38,3,26.03,78.09,United Kingdom,Computer
5462,Male,5/26/2023,68584657,76,2,76.67,153.34,Taiwan,Computer
5182,Male,5/26/2023,29961029,23,3,95.72,287.16,China,Computer
6590,Male,5/27/2023,80568309,48,1,31.26,31.26,China,Mobile
9811,Female,5/27/2023,32124080,35,2,78.78,157.56,Japan,Computer
1119,Female,5/28/2023,36142045,27,3,72.93,218.79,Japan,Computer
9233,Male,5/28/2023,75177191,17,1,18.86,18.86,Italy,Mobile
9655,Female,5/29/2023,41759587,59,1,79.57,79.57,United States,Mobile
1753,Female,5/30/2023,94346056,57,2,13.08,26.16,United Kingdom,Computer
3817,Male,5/30/2023,64245678,14,1,89.76,89.76,China,Computer
2616,Male,5/30/2023,25309255,35,2,78.78,157.56,United Kingdom,Computer
2469,Male,5/31/2023,62897694,81,3,52.96,158.88,Indonesia,Computer
3192,Female,5/31/2023,74072529,74,3,33.51,100.53,Mexico,Computer
5963,Male,06-01-2023,83292234,89,1,37.61,37.61,Germany,Computer
2142,Male,06-01-2023,95408197,55,1,73.53,73.53,South Korea,Computer
1114,Male,06-02-2023,89010146,56,1,87.34,87.34,Canada,Computer
5551,Female,06-02-2023,89079479,43,1,30.66,30.66,Vietnam,Mobile
7810,Female,06-02-2023,87691851,71,2,57.53,115.06,Australia,Computer
7676,Male,06-02-2023,50748081,13,2,41.29,82.58,France,Computer
3493,Female,06-02-2023,72663188,13,2,41.29,82.58,United Kingdom,Mobile
2922,Male,06-03-2023,63706941,26,2,34.43,68.86,South Korea,Computer
6255,Female,06-03-2023,78267831,33,3,28.56,85.68,Australia,Computer
4775,Female,06-04-2023,70894951,68,3,32.68,98.04,Turkey,Computer
8177,Female,06-04-2023,75365477,42,1,74.77,74.77,Russia,Computer
9132,Male,06-05-2023,83632864,34,2,48.24,96.48,Poland,Computer
5150,Female,06-05-2023,35209300,41,3,32.33,96.99,India,Computer
1743,Female,06-06-2023,90130748,9,1,73.83,73.83,China,Computer
3300,Male,06-07-2023,14343758,69,3,96.47,289.41,South Korea,Computer
1512,Female,06-07-2023,98854266,16,1,39.33,39.33,United States,Computer
6557,Male,06-08-2023,32182793,61,1,70.34,70.34,Nigeria,Computer
7246,Male,06-09-2023,77642951,56,3,87.34,262.02,Japan,Computer
7946,Male,06-09-2023,86413821,30,1,6.08,6.08,Vietnam,Mobile
6383,Male,06-09-2023,98226862,8,1,67.18,67.18,Mexico,Computer
7773,Male,06-09-2023,83705264,37,1,11.5,11.5,India,Mobile
4691,Male,06-09-2023,14163492,65,1,38.95,38.95,Italy,Computer
8875,Male,06-10-2023,68255325,39,1,41.61,41.61,Argentina,Mobile
9144,Female,06-11-2023,82822011,44,1,52.78,52.78,Switzerland,Mobile
5236,Female,06-11-2023,65607908,69,1,96.47,96.47,Mexico,Computer
9841,Male,06-12-2023,83015353,37,2,11.5,23,Australia,Computer
9648,Male,6/13/2023,40114410,39,3,41.61,124.83,United Kingdom,Computer
4723,Female,6/13/2023,53738165,33,1,28.56,28.56,Japan,Mobile
8904,Female,6/14/2023,41431121,34,2,48.24,96.48,Japan,Mobile
4456,Male,6/15/2023,85131624,49,3,99.72,299.16,Philippines,Computer
2978,Male,6/15/2023,90207141,48,3,31.26,93.78,Spain,Computer
7291,Male,6/16/2023,33190028,27,1,72.93,72.93,Spain,Computer
9463,Male,6/16/2023,84304555,24,1,99.58,99.58,India,Computer
3379,Male,6/17/2023,14423926,25,1,11.29,11.29,United States,Computer
3249,Female,6/18/2023,72226256,65,2,38.95,77.9,China,Mobile
2541,Male,6/18/2023,21959169,14,1,89.76,89.76,Japan,Computer
6971,Male,6/18/2023,34503865,4,1,32.43,32.43,Brazil,Computer
1646,Female,6/19/2023,64280670,7,1,59.68,59.68,Turkey,Mobile
7358,Female,6/19/2023,84729995,21,1,98.91,98.91,United States,Computer
8774,Male,6/20/2023,43465469,20,1,81.89,81.89,United Kingdom,Computer
1628,Female,6/21/2023,48592131,82,3,5.82,17.46,Japan,Mobile
8569,Male,6/22/2023,30811154,38,3,26.03,78.09,India,Computer
8646,Female,6/22/2023,30104365,64,3,35.23,105.69,China,Computer
1118,Female,6/22/2023,73856421,21,2,98.91,197.82,Spain,Mobile
3901,Female,6/22/2023,89034732,40,2,89.85,179.7,Netherlands,Computer
8203,Male,6/22/2023,40262316,4,3,32.43,97.29,Brazil,Mobile
8721,Male,6/22/2023,72598694,6,2,8.07,16.14,United Kingdom,Mobile
7923,Male,6/23/2023,52926058,81,2,52.96,105.92,India,Computer
4579,Female,6/23/2023,93786544,38,2,26.03,52.06,Australia,Mobile
6078,Male,6/24/2023,98172507,7,3,59.68,179.04,Japan,Computer
3501,Male,6/24/2023,59088605,54,3,90.78,272.34,India,Computer
8599,Male,6/25/2023,79475088,91,2,67.48,134.96,Japan,Computer
1639,Female,6/25/2023,22336246,40,3,89.85,269.55,United Kingdom,Mobile
2846,Male,6/26/2023,24340751,97,3,56.74,170.22,Saudi Arabia,Computer
7939,Female,6/26/2023,38045271,73,2,30.57,61.14,United States,Computer
8807,Male,6/26/2023,39995050,12,2,86.11,172.22,India,Computer
1800,Male,6/27/2023,44274570,58,1,74.55,74.55,Canada,Computer
5391,Male,6/28/2023,54511959,33,3,28.56,85.68,Japan,Computer
5182,Male,6/28/2023,60959103,51,3,50.59,151.77,Saudi Arabia,Mobile
8642,Female,6/29/2023,46888538,3,3,97.19,291.57,Russia,Computer
8984,Male,6/30/2023,21955338,87,1,50.56,50.56,Spain,Computer
7145,Female,6/30/2023,78020743,2,3,33.11,99.33,Spain,Computer
3767,Female,07-01-2023,26595925,19,2,13.2,26.4,Argentina,Computer
5447,Male,07-02-2023,21897432,26,1,34.43,34.43,Saudi Arabia,Computer
2678,Male,07-02-2023,54612398,63,1,57.12,57.12,Germany,Computer
8119,Male,07-02-2023,19114803,17,3,18.86,56.58,Russia,Computer
8720,Male,07-03-2023,31185068,32,3,91.37,274.11,South Korea,Computer
7896,Female,07-04-2023,52777280,2,1,33.11,33.11,Saudi Arabia,Computer
5086,Male,07-04-2023,27880610,19,1,13.2,13.2,Switzerland,Computer
9831,Male,07-05-2023,19998210,5,3,11.97,35.91,United Kingdom,Computer
3659,Male,07-06-2023,77034473,28,1,5.32,5.32,Canada,Mobile
5095,Male,07-06-2023,41134062,26,3,34.43,103.29,Argentina,Computer
7050,Male,07-06-2023,72935316,69,1,96.47,96.47,Germany,Mobile
1379,Female,07-07-2023,32509568,81,2,52.96,105.92,Taiwan,Computer
1425,Male,07-07-2023,99717652,78,1,19.66,19.66,Netherlands,Computer
2223,Female,07-08-2023,29436276,14,3,89.76,269.28,Germany,Computer
4972,Female,07-08-2023,13766317,34,2,48.24,96.48,South Korea,Computer
4809,Female,07-09-2023,22543371,38,3,26.03,78.09,Switzerland,Mobile
6029,Male,07-09-2023,36099136,55,1,73.53,73.53,China,Computer
6823,Male,07-09-2023,28471310,76,3,76.67,230.01,Australia,Mobile
6633,Male,07-10-2023,93819764,90,2,21.51,43.02,Turkey,Computer
7789,Male,07-10-2023,40783925,15,2,6.32,12.64,Taiwan,Computer
6126,Male,07-10-2023,52815791,85,2,68.31,136.62,Switzerland,Computer
6011,Female,07-11-2023,18765962,63,1,57.12,57.12,United Kingdom,Computer
6538,Male,07-11-2023,94482978,47,2,64.64,129.28,India,Mobile
3634,Female,07-11-2023,67144010,18,2,1.97,3.94,Brazil,Mobile
5720,Female,07-12-2023,21801739,52,3,20.15,60.45,France,Computer
2415,Male,07-12-2023,65043972,90,1,21.51,21.51,Vietnam,Computer
9406,Female,7/13/2023,31623755,43,2,30.66,61.32,Italy,Computer
3883,Female,7/14/2023,63124825,46,3,9.88,29.64,Egypt,Mobile
4446,Male,7/14/2023,45840981,46,3,9.88,29.64,Russia,Computer
4111,Male,7/14/2023,12216553,73,2,30.57,61.14,United Kingdom,Computer
4206,Male,7/14/2023,68490104,23,3,95.72,287.16,Canada,Mobile
9550,Male,7/15/2023,33123316,88,2,40.95,81.9,United Kingdom,Computer
3972,Male,7/15/2023,74322611,24,2,99.58,199.16,Japan,Computer
2886,Female,7/16/2023,98424898,88,2,40.95,81.9,Australia,Computer
9078,Male,7/16/2023,47410310,73,2,30.57,61.14,Brazil,Mobile
7160,Male,7/17/2023,29797072,68,1,32.68,32.68,China,Mobile
9285,Female,7/17/2023,31145389,24,3,99.58,298.74,India,Computer
4329,Female,7/18/2023,65536571,63,1,57.12,57.12,United States,Mobile
6086,Male,7/19/2023,44286743,72,2,3.55,7.1,Japan,Mobile
3454,Male,7/19/2023,83028137,5,1,11.97,11.97,Australia,Computer
2993,Male,7/20/2023,90612650,75,2,32.34,64.68,South Korea,Mobile
7778,Male,7/21/2023,50626534,20,3,81.89,245.67,China,Mobile
9170,Female,7/21/2023,20786834,66,3,56.01,168.03,Switzerland,Computer
8630,Male,7/21/2023,77998919,59,3,79.57,238.71,Japan,Computer
8490,Male,7/22/2023,67323618,97,2,56.74,113.48,Spain,Mobile
8436,Male,7/22/2023,99717204,92,2,58.5,117,Canada,Computer
7107,Male,7/22/2023,58989693,35,2,78.78,157.56,Australia,Computer
8836,Male,7/23/2023,51708664,35,2,78.78,157.56,China,Mobile
4122,Female,7/23/2023,22872088,78,3,19.66,58.98,Argentina,Computer
4077,Female,7/24/2023,31790426,9,3,73.83,221.49,Japan,Mobile
8306,Male,7/25/2023,15267463,43,3,30.66,91.98,South Korea,Computer
4780,Female,7/25/2023,30765391,86,2,93.47,186.94,Indonesia,Mobile
9732,Male,7/26/2023,75633647,59,2,79.57,159.14,United States,Computer
7809,Female,7/26/2023,95169982,24,3,99.58,298.74,Italy,Mobile
1303,Male,7/27/2023,82172537,30,2,6.08,12.16,Italy,Mobile
9206,Male,7/28/2023,57722372,58,3,74.55,223.65,Canada,Mobile
7924,Female,7/28/2023,76517060,32,1,91.37,91.37,Japan,Computer
1908,Male,7/29/2023,29080261,92,3,58.5,175.5,Indonesia,Computer
6329,Male,7/30/2023,99836836,4,2,32.43,64.86,United Kingdom,Mobile
3900,Male,7/31/2023,47585715,41,3,32.33,96.99,United States,Computer
7638,Male,08-01-2023,56643657,97,2,56.74,113.48,China,Mobile
6698,Male,08-02-2023,22731493,67,1,17.22,17.22,Netherlands,Computer
6776,Male,08-02-2023,27300971,10,1,19.34,19.34,Iran,Computer
3562,Male,08-02-2023,65286664,68,3,32.68,98.04,China,Mobile
2265,Male,08-03-2023,70471086,20,1,81.89,81.89,Canada,Mobile
4232,Female,08-03-2023,43706937,33,2,28.56,57.12,Italy,Computer
2784,Female,08-04-2023,75706727,88,1,40.95,40.95,Switzerland,Mobile
3335,Male,08-05-2023,11291127,100,1,98.59,98.59,Russia,Computer
1366,Male,08-05-2023,91896773,93,2,67.46,134.92,United States,Mobile
8963,Male,08-06-2023,59741097,41,3,32.33,96.99,Netherlands,Mobile
1419,Male,08-06-2023,29790663,21,3,98.91,296.73,South Korea,Mobile
8323,Male,08-07-2023,11548471,16,3,39.33,117.99,Japan,Mobile
2061,Male,08-07-2023,60793741,51,1,50.59,50.59,Indonesia,Computer
7671,Male,08-08-2023,21024268,1,1,81.91,81.91,Indonesia,Computer
8400,Female,08-09-2023,40273184,77,2,20.4,40.8,Japan,Computer
1747,Male,08-10-2023,87247241,11,2,4.31,8.62,Italy,Computer
6011,Female,08-10-2023,87091852,60,3,91.28,273.84,Mexico,Mobile
7679,Male,08-10-2023,95071598,94,2,17.63,35.26,United Kingdom,Computer
8539,Female,08-11-2023,87581547,38,3,26.03,78.09,Spain,Mobile
4915,Male,08-11-2023,26082411,4,3,32.43,97.29,Turkey,Mobile
7144,Male,08-11-2023,77751209,87,3,50.56,151.68,Canada,Mobile
3312,Female,08-12-2023,68211473,29,3,1.91,5.73,Brazil,Mobile
8657,Female,08-12-2023,17194062,15,1,6.32,6.32,Turkey,Computer
9394,Male,8/13/2023,60385897,58,1,74.55,74.55,Netherlands,Computer
6561,Male,8/13/2023,69599090,67,2,17.22,34.44,Russia,Computer
4543,Female,8/14/2023,37026877,56,3,87.34,262.02,Taiwan,Computer
4456,Male,8/14/2023,34826927,97,3,56.74,170.22,Mexico,Mobile
7574,Male,8/15/2023,70465820,32,1,91.37,91.37,Vietnam,Computer
2373,Male,8/16/2023,74571417,42,3,74.77,224.31,Belgium,Computer
9176,Male,8/16/2023,80450856,45,2,3.67,7.34,Switzerland,Computer
3195,Female,8/16/2023,60673427,69,2,96.47,192.94,Russia,Mobile
6433,Female,8/17/2023,92944757,4,1,32.43,32.43,Germany,Computer
2969,Female,8/17/2023,52992258,19,2,13.2,26.4,China,Computer
1694,Female,8/17/2023,42498336,9,2,73.83,147.66,Italy,Mobile
5535,Male,8/18/2023,66337134,93,2,67.46,134.92,Japan,Computer
7182,Male,8/19/2023,91740024,75,2,32.34,64.68,Germany,Computer
9906,Male,8/19/2023,20329460,69,1,96.47,96.47,China,Mobile
6436,Male,8/19/2023,28239512,75,2,32.34,64.68,Japan,Computer
9460,Male,8/20/2023,32896788,28,3,5.32,15.96,Saudi Arabia,Computer
7492,Male,8/20/2023,46612626,47,2,64.64,129.28,Russia,Computer
7086,Male,8/21/2023,66611920,31,2,43.5,87,United Kingdom,Mobile
5544,Male,8/21/2023,49903864,67,2,17.22,34.44,Taiwan,Computer
9596,Male,8/22/2023,82153735,1,3,81.91,245.73,Japan,Mobile
9084,Male,8/22/2023,32160626,61,3,70.34,211.02,Russia,Computer
1198,Male,8/23/2023,81890368,64,2,35.23,70.46,Japan,Computer
4382,Female,8/23/2023,64311457,78,3,19.66,58.98,Canada,Computer
5510,Male,8/24/2023,59841581,34,1,48.24,48.24,United States,Computer
4796,Male,8/24/2023,64159592,23,1,95.72,95.72,Canada,Computer
8771,Male,8/25/2023,89284372,64,2,35.23,70.46,Mexico,Computer
2775,Female,8/25/2023,73468104,85,1,68.31,68.31,Nigeria,Computer
9015,Female,8/25/2023,69477273,69,3,96.47,289.41,United States,Mobile
7899,Male,8/26/2023,13938027,13,1,41.29,41.29,Argentina,Computer
5058,Male,8/27/2023,52789532,39,1,41.61,41.61,Taiwan,Mobile
6509,Male,8/27/2023,97088126,91,1,67.48,67.48,Netherlands,Computer
1228,Female,8/27/2023,74140692,17,2,18.86,37.72,United States,Computer
1478,Female,8/28/2023,13478145,53,2,7.51,15.02,France,Mobile
5593,Male,8/28/2023,81005991,2,1,33.11,33.11,Japan,Computer
8541,Female,8/29/2023,33383702,39,3,41.61,124.83,China,Computer
9511,Female,8/29/2023,36678811,8,3,67.18,201.54,Netherlands,Mobile
4235,Male,8/30/2023,42646668,74,2,33.51,67.02,Turkey,Computer
9188,Female,8/31/2023,21862415,15,1,6.32,6.32,Italy,Computer
7759,Female,09-01-2023,24204529,85,2,68.31,136.62,Netherlands,Computer
1916,Male,09-02-2023,25250531,77,3,20.4,61.2,Mexico,Mobile
2220,Male,09-02-2023,64676397,61,3,70.34,211.02,Canada,Computer
1118,Female,09-03-2023,72660177,77,3,20.4,61.2,Vietnam,Mobile
6362,Female,09-03-2023,64996198,47,3,64.64,193.92,Mexico,Computer
3645,Male,09-04-2023,70820748,12,3,86.11,258.33,United Kingdom,Computer
1687,Male,09-04-2023,91339712,32,2,91.37,182.74,India,Mobile
8551,Female,09-05-2023,16852130,19,1,13.2,13.2,Mexico,Computer
9781,Male,09-05-2023,22326173,42,1,74.77,74.77,India,Mobile
8998,Male,09-06-2023,90721004,81,3,52.96,158.88,United States,Computer
6879,Female,09-07-2023,36601802,30,1,6.08,6.08,United States,Computer
3907,Male,09-08-2023,66867398,35,1,78.78,78.78,Italy,Computer
7875,Female,09-08-2023,17224884,81,3,52.96,158.88,Germany,Computer
1166,Male,09-09-2023,77412212,71,1,57.53,57.53,India,Computer
6160,Male,09-10-2023,72097886,18,2,1.97,3.94,Japan,Computer
1332,Female,09-10-2023,12447456,4,2,32.43,64.86,Argentina,Computer
4730,Female,09-10-2023,43022095,76,3,76.67,230.01,Spain,Mobile
2648,Male,09-11-2023,39684035,87,2,50.56,101.12,Spain,Computer
9897,Male,09-11-2023,30316048,46,1,9.88,9.88,Thailand,Mobile
6732,Male,09-11-2023,11962384,50,3,50.71,152.13,Brazil,Computer
3338,Male,09-11-2023,76449464,63,3,57.12,171.36,Japan,Mobile
1329,Male,09-12-2023,19790838,45,2,3.67,7.34,Switzerland,Computer
9454,Male,09-12-2023,70873285,91,2,67.48,134.96,Russia,Computer
3959,Female,9/13/2023,12276457,68,2,32.68,65.36,Brazil,Computer
8636,Male,9/13/2023,30472168,90,1,21.51,21.51,China,Computer
6456,Female,9/14/2023,18379831,55,3,73.53,220.59,South Korea,Computer
8618,Female,9/14/2023,46345935,15,2,6.32,12.64,Mexico,Computer
3673,Male,9/14/2023,68276083,24,2,99.58,199.16,Mexico,Computer
8126,Female,9/15/2023,47159390,24,3,99.58,298.74,South Korea,Computer
2267,Female,9/16/2023,87736772,70,2,63.88,127.76,China,Mobile
8562,Male,9/17/2023,40299039,31,2,43.5,87,Japan,Computer
5616,Female,9/17/2023,48630438,92,1,58.5,58.5,Russia,Mobile
8100,Female,9/17/2023,35473013,60,1,91.28,91.28,France,Computer
3577,Male,9/18/2023,86033333,48,3,31.26,93.78,Poland,Computer
6438,Male,9/18/2023,58576605,53,1,7.51,7.51,Philippines,Computer
4053,Male,9/19/2023,52755122,18,1,1.97,1.97,United States,Mobile
2863,Male,9/20/2023,53753945,94,2,17.63,35.26,Germany,Computer
1531,Male,9/21/2023,97378951,22,1,41.48,41.48,Germany,Computer
2709,Male,9/22/2023,79961165,70,2,63.88,127.76,Japan,Computer
1475,Male,9/22/2023,23338963,55,2,73.53,147.06,India,Computer
6261,Male,9/22/2023,64352923,38,3,26.03,78.09,United States,Mobile
6090,Male,9/23/2023,56743949,39,2,41.61,83.22,Turkey,Computer
7998,Male,9/23/2023,35129586,95,2,50.48,100.96,Canada,Computer
6257,Female,9/23/2023,16020380,82,3,5.82,17.46,Italy,Computer
8193,Male,9/23/2023,64611423,97,1,56.74,56.74,India,Computer
1970,Female,9/24/2023,86538799,38,3,26.03,78.09,Mexico,Computer
4491,Male,9/24/2023,95281465,45,3,3.67,11.01,Argentina,Computer
3141,Male,9/24/2023,91157107,33,3,28.56,85.68,India,Mobile
7768,Male,9/25/2023,68692737,45,1,3.67,3.67,China,Mobile
7779,Male,9/25/2023,83245756,31,1,43.5,43.5,France,Mobile
4411,Female,9/26/2023,62227143,5,2,11.97,23.94,Switzerland,Mobile
7091,Female,9/27/2023,51300760,29,3,1.91,5.73,South Korea,Computer
5401,Male,9/27/2023,19291130,60,3,91.28,273.84,France,Computer
8494,Female,9/27/2023,76250605,82,2,5.82,11.64,Turkey,Computer
9096,Female,9/27/2023,61970804,90,2,21.51,43.02,Italy,Computer
3116,Male,9/28/2023,95145760,60,2,91.28,182.56,Italy,Computer
4273,Male,9/28/2023,65798953,67,3,17.22,51.66,Turkey,Computer
8326,Female,9/29/2023,58755142,63,1,57.12,57.12,Australia,Computer
2052,Male,9/29/2023,30568906,2,1,33.11,33.11,United Kingdom,Computer
7728,Male,9/30/2023,24831953,78,3,19.66,58.98,Brazil,Computer
4366,Male,9/30/2023,78756750,89,1,37.61,37.61,Indonesia,Mobile
9302,Male,9/30/2023,12819994,64,2,35.23,70.46,South Korea,Computer
4603,Male,10-01-2023,25354790,24,1,99.58,99.58,Canada,Computer
7817,Male,10-01-2023,88305471,27,2,72.93,145.86,Canada,Computer
3088,Male,10-02-2023,80083693,4,3,32.43,97.29,United States,Computer
8601,Male,10-02-2023,52699221,35,3,78.78,236.34,Brazil,Mobile
5776,Female,10-02-2023,70777760,43,3,30.66,91.98,Italy,Computer
3256,Female,10-03-2023,95105056,65,3,38.95,116.85,Russia,Computer
5306,Male,10-03-2023,99603686,100,1,98.59,98.59,France,Computer
3618,Male,10-04-2023,90527224,85,3,68.31,204.93,Nigeria,Mobile
2948,Male,10-05-2023,96599361,47,2,64.64,129.28,United States,Computer
8417,Male,10-05-2023,87374156,40,3,89.85,269.55,Mexico,Mobile
6620,Male,10-06-2023,48242160,8,3,67.18,201.54,Canada,Mobile
6188,Male,10-06-2023,66053171,32,2,91.37,182.74,Egypt,Mobile
8920,Male,10-06-2023,60503013,99,3,36.83,110.49,Netherlands,Computer
1449,Male,10-06-2023,25867505,60,3,91.28,273.84,United States,Mobile
3775,Male,10-07-2023,43041220,83,1,1.22,1.22,Australia,Computer
7596,Female,10-07-2023,81089782,18,1,1.97,1.97,Germany,Computer
4347,Male,10-08-2023,73625449,97,1,56.74,56.74,Spain,Computer
8126,Female,10-08-2023,44957179,77,3,20.4,61.2,Iran,Mobile
5548,Female,10-08-2023,19445635,99,2,36.83,73.66,Philippines,Computer
1122,Male,10-08-2023,27869032,35,1,78.78,78.78,Canada,Computer
5733,Female,10-09-2023,92708806,11,2,4.31,8.62,Turkey,Mobile
8713,Male,10-09-2023,76766700,69,1,96.47,96.47,Germany,Mobile
6175,Male,10-09-2023,58060858,82,3,5.82,17.46,Poland,Computer
2346,Female,10-10-2023,15135553,90,3,21.51,64.53,Netherlands,Mobile
3666,Female,10-11-2023,40754466,24,3,99.58,298.74,Netherlands,Computer
8635,Male,10-11-2023,54763298,34,2,48.24,96.48,India,Computer
9650,Male,10-12-2023,43542569,80,2,77.64,155.28,Japan,Mobile
7855,Male,10-12-2023,75008182,97,2,56.74,113.48,Egypt,Mobile
3698,Male,10/13/2023,21838008,75,3,32.34,97.02,Iran,Computer
4177,Female,10/13/2023,65423014,48,3,31.26,93.78,Japan,Computer
6355,Female,10/13/2023,12318385,22,3,41.48,124.44,China,Computer
7729,Female,10/14/2023,63023187,39,3,41.61,124.83,Taiwan,Computer
1171,Female,10/14/2023,25550638,11,3,4.31,12.93,Iran,Computer
3684,Male,10/15/2023,34614855,66,1,56.01,56.01,Mexico,Mobile
8515,Male,10/15/2023,82718600,66,2,56.01,112.02,Brazil,Mobile
3727,Male,10/16/2023,24522827,64,3,35.23,105.69,Switzerland,Computer
9820,Male,10/16/2023,34545034,79,2,33.28,66.56,Spain,Computer
5297,Male,10/17/2023,96278991,15,1,6.32,6.32,Spain,Mobile
1307,Female,10/17/2023,45018547,68,1,32.68,32.68,United States,Computer
4285,Male,10/18/2023,91346737,76,1,76.67,76.67,United Kingdom,Computer
4979,Male,10/18/2023,88216851,69,3,96.47,289.41,Brazil,Computer
9645,Male,10/19/2023,41109497,68,2,32.68,65.36,United States,Computer
6392,Female,10/20/2023,30502672,41,3,32.33,96.99,Belgium,Computer
8742,Female,10/20/2023,51875576,12,1,86.11,86.11,United Kingdom,Computer
4672,Female,10/20/2023,72527952,5,2,11.97,23.94,United States,Mobile
9622,Male,10/21/2023,95738442,29,3,1.91,5.73,Canada,Computer
7930,Female,10/21/2023,52037663,17,3,18.86,56.58,United Kingdom,Mobile
5817,Male,10/22/2023,96239924,62,1,81.46,81.46,United States,Computer
3424,Male,10/23/2023,75544018,51,2,50.59,101.18,Russia,Mobile
6604,Male,10/23/2023,44534041,3,3,97.19,291.57,Brazil,Computer
5467,Male,10/24/2023,96041679,99,3,36.83,110.49,Turkey,Computer
3001,Female,10/24/2023,75230324,45,3,3.67,11.01,Italy,Computer
4434,Female,10/24/2023,26624070,24,3,99.58,298.74,China,Mobile
7152,Female,10/25/2023,20571403,19,1,13.2,13.2,South Korea,Mobile
5385,Male,10/25/2023,42411714,79,2,33.28,66.56,Russia,Computer
1840,Male,10/26/2023,71221766,41,3,32.33,96.99,Spain,Computer
2188,Male,10/27/2023,18924159,62,3,81.46,244.38,Japan,Computer
1905,Male,10/28/2023,32607810,60,3,91.28,273.84,India,Computer
9415,Male,10/29/2023,37545485,65,1,38.95,38.95,Japan,Computer
2792,Female,10/29/2023,26106475,29,1,1.91,1.91,Australia,Computer
8682,Female,10/29/2023,43034421,76,3,76.67,230.01,France,Computer
9424,Female,10/30/2023,31152243,73,3,30.57,91.71,Spain,Computer
5496,Female,10/30/2023,17776517,66,2,56.01,112.02,United Kingdom,Mobile
3986,Female,10/31/2023,76119348,6,3,8.07,24.21,Indonesia,Computer
6051,Male,10/31/2023,98359616,14,2,89.76,179.52,China,Mobile
4958,Female,11-01-2023,79560599,7,1,59.68,59.68,Poland,Computer
9976,Male,11-01-2023,97887519,23,2,95.72,191.44,France,Mobile
4967,Male,11-02-2023,40620248,49,2,99.72,199.44,France,Mobile
5174,Female,11-02-2023,19694939,30,2,6.08,12.16,Germany,Mobile
2437,Male,11-03-2023,52910351,66,1,56.01,56.01,Italy,Computer
9810,Male,11-03-2023,58940916,89,3,37.61,112.83,South Korea,Computer
9594,Male,11-03-2023,99751486,97,1,56.74,56.74,United Kingdom,Mobile
2012,Male,11-03-2023,37656416,8,3,67.18,201.54,Netherlands,Computer
7599,Female,11-04-2023,69697112,68,2,32.68,65.36,South Korea,Computer
8837,Male,11-05-2023,86435492,10,3,19.34,58.02,China,Mobile
8750,Male,11-06-2023,18309118,77,2,20.4,40.8,China,Mobile
7440,Male,11-06-2023,14206172,21,3,98.91,296.73,Canada,Mobile
7845,Male,11-06-2023,58612332,19,3,13.2,39.6,India,Mobile
6529,Female,11-07-2023,84398613,99,2,36.83,73.66,Germany,Mobile
5919,Male,11-07-2023,34829790,66,2,56.01,112.02,Thailand,Mobile
4558,Male,11-08-2023,15331839,53,3,7.51,22.53,United Kingdom,Mobile
7899,Male,11-08-2023,94533487,29,2,1.91,3.82,Taiwan,Computer
1455,Male,11-09-2023,29132690,3,1,97.19,97.19,South Korea,Computer
1190,Female,11-09-2023,59534840,63,2,57.12,114.24,Saudi Arabia,Mobile
2768,Male,11-10-2023,75376765,80,3,77.64,232.92,China,Computer
7053,Female,11-10-2023,58435939,38,1,26.03,26.03,South Korea,Mobile
9554,Male,11-10-2023,79568891,22,2,41.48,82.96,United States,Computer
1851,Male,11-10-2023,67830919,82,1,5.82,5.82,France,Mobile
3427,Female,11-11-2023,32257258,12,1,86.11,86.11,Australia,Computer
9535,Female,11-12-2023,14665158,78,3,19.66,58.98,China,Computer
2694,Female,11-12-2023,20780368,50,1,50.71,50.71,Mexico,Computer
1580,Male,11/13/2023,76802818,81,3,52.96,158.88,United States,Computer
5889,Male,11/14/2023,14398462,18,2,1.97,3.94,Saudi Arabia,Computer
3963,Male,11/14/2023,35211400,75,2,32.34,64.68,South Korea,Computer
4921,Male,11/15/2023,34387233,39,1,41.61,41.61,France,Computer
2024,Male,11/15/2023,47612665,67,1,17.22,17.22,Germany,Computer
4082,Female,11/16/2023,80586069,41,1,32.33,32.33,Switzerland,Computer
8006,Female,11/16/2023,55867984,92,3,58.5,175.5,Mexico,Computer
3081,Male,11/16/2023,62820462,75,2,32.34,64.68,Mexico,Computer
3628,Male,11/16/2023,44348096,22,1,41.48,41.48,Russia,Computer
9503,Male,11/17/2023,45849277,92,3,58.5,175.5,Canada,Mobile
3318,Male,11/17/2023,60744448,47,2,64.64,129.28,Germany,Mobile
2238,Male,11/18/2023,40652783,94,3,17.63,52.89,China,Mobile
7676,Male,11/19/2023,85133232,68,3,32.68,98.04,Argentina,Computer
6099,Male,11/19/2023,30396773,93,3,67.46,202.38,Italy,Mobile
6273,Female,11/19/2023,12986173,54,2,90.78,181.56,Germany,Mobile
3125,Female,11/20/2023,13915165,46,1,9.88,9.88,United Kingdom,Computer
5852,Male,11/20/2023,62996506,67,3,17.22,51.66,Canada,Computer
5662,Male,11/21/2023,84343987,1,2,81.91,163.82,Germany,Computer
7248,Male,11/22/2023,55157174,6,2,8.07,16.14,Italy,Computer
2615,Male,11/22/2023,89788534,64,1,35.23,35.23,Italy,Computer
6659,Female,11/22/2023,58627012,33,1,28.56,28.56,Canada,Computer
1363,Female,11/23/2023,31753186,72,2,3.55,7.1,Nigeria,Mobile
4704,Female,11/23/2023,51633236,90,2,21.51,43.02,Italy,Computer
4167,Female,11/24/2023,35291299,78,2,19.66,39.32,China,Mobile
7741,Male,11/25/2023,98225228,36,1,48.16,48.16,Belgium,Computer
5990,Male,11/26/2023,91033587,17,1,18.86,18.86,Indonesia,Mobile
9752,Male,11/26/2023,26561800,7,3,59.68,179.04,United States,Mobile
3006,Female,11/27/2023,21017189,37,3,11.5,34.5,Japan,Computer
6873,Female,11/28/2023,80365818,75,1,32.34,32.34,Argentina,Computer
2337,Male,11/28/2023,38245423,5,3,11.97,35.91,Switzerland,Mobile
4796,Male,11/29/2023,32347683,39,1,41.61,41.61,Belgium,Mobile
6488,Male,11/29/2023,60746488,34,2,48.24,96.48,United States,Computer
6909,Male,11/29/2023,68079111,42,3,74.77,224.31,Spain,Computer
7792,Male,11/30/2023,50502502,46,1,9.88,9.88,Japan,Computer
3526,Male,11/30/2023,47846654,8,3,67.18,201.54,India,Computer
2824,Male,12-01-2023,75605152,4,3,32.43,97.29,United States,Computer
7780,Male,12-02-2023,52977576,75,2,32.34,64.68,France,Mobile
4094,Female,12-02-2023,91587873,28,1,5.32,5.32,India,Mobile
5880,Female,12-02-2023,51427798,58,1,74.55,74.55,Argentina,Mobile
1944,Female,12-02-2023,12156760,56,2,87.34,174.68,Germany,Computer
2541,Male,12-03-2023,72547046,38,1,26.03,26.03,United States,Mobile
7129,Female,12-04-2023,42610894,22,3,41.48,124.44,United Kingdom,Mobile
9012,Male,12-04-2023,46903384,23,1,95.72,95.72,United States,Computer
4630,Male,12-05-2023,38907872,56,3,87.34,262.02,China,Mobile
9685,Female,12-05-2023,50145073,56,1,87.34,87.34,Canada,Computer
1200,Male,12-06-2023,45210769,61,2,70.34,140.68,Canada,Mobile
9652,Male,12-06-2023,92729504,60,1,91.28,91.28,Nigeria,Computer
4167,Female,12-07-2023,12992791,81,2,52.96,105.92,Indonesia,Mobile
6652,Male,12-07-2023,97872753,63,1,57.12,57.12,Argentina,Computer
9048,Male,12-07-2023,66470563,25,2,11.29,22.58,India,Mobile
8941,Male,12-08-2023,75264741,26,3,34.43,103.29,United States,Computer
6988,Male,12-09-2023,45957607,19,3,13.2,39.6,Iran,Computer
6332,Male,12-10-2023,69363065,55,1,73.53,73.53,United Kingdom,Mobile
8904,Female,12-10-2023,44314945,84,3,32.88,98.64,Germany,Computer
8474,Male,12-11-2023,60755679,4,3,32.43,97.29,Canada,Mobile
6080,Female,12-11-2023,45259419,100,1,98.59,98.59,Indonesia,Computer
2984,Male,12-12-2023,17415761,1,2,81.91,163.82,United States,Computer
9598,Male,12-12-2023,85488143,26,2,34.43,68.86,China,Computer
7083,Male,12-12-2023,29318760,81,2,52.96,105.92,South Korea,Mobile
2252,Male,12/13/2023,64457706,72,3,3.55,10.65,United Kingdom,Computer
3065,Male,12/13/2023,83077215,65,2,38.95,77.9,Russia,Computer
5969,Female,12/13/2023,76183466,89,2,37.61,75.22,France,Computer
2885,Male,12/14/2023,69678939,89,2,37.61,75.22,United States,Computer
7003,Male,12/14/2023,98855171,12,1,86.11,86.11,India,Computer
4456,Male,12/15/2023,25110305,44,3,52.78,158.34,Turkey,Mobile
2120,Male,12/15/2023,60632442,10,1,19.34,19.34,Brazil,Mobile
1411,Female,12/16/2023,29588982,9,1,73.83,73.83,Iran,Mobile
1993,Male,12/16/2023,64885925,31,2,43.5,87,United States,Computer
5113,Male,12/16/2023,50126543,99,2,36.83,73.66,France,Computer
5611,Male,12/17/2023,13695083,34,2,48.24,96.48,China,Computer
9748,Male,12/17/2023,99963542,10,2,19.34,38.68,Taiwan,Mobile
3642,Male,12/18/2023,63783694,74,2,33.51,67.02,Germany,Computer
6811,Female,12/19/2023,90290923,89,1,37.61,37.61,Turkey,Computer
6157,Female,12/19/2023,25012905,18,2,1.97,3.94,United Kingdom,Computer
5968,Male,12/20/2023,19998552,58,1,74.55,74.55,Egypt,Computer
6548,Male,12/20/2023,85234943,79,1,33.28,33.28,Russia,Computer
3855,Male,12/21/2023,19710745,14,2,89.76,179.52,China,Computer
1777,Male,12/21/2023,43082278,45,2,3.67,7.34,United Kingdom,Computer
3656,Female,12/22/2023,87072336,32,1,91.37,91.37,China,Computer
8161,Male,12/23/2023,93006194,16,2,39.33,78.66,Nigeria,Mobile
1812,Male,12/23/2023,96670627,59,3,79.57,238.71,Japan,Mobile
3703,Female,12/23/2023,70273279,9,1,73.83,73.83,France,Computer
5139,Male,12/24/2023,81252234,91,3,67.48,202.44,United States,Computer
9578,Male,12/25/2023,61250027,10,1,19.34,19.34,Japan,Computer
1158,Male,12/25/2023,20442551,92,2,58.5,117,Turkey,Computer
5626,Female,12/26/2023,16886175,70,3,63.88,191.64,Canada,Computer
4407,Male,12/27/2023,79729619,60,1,91.28,91.28,Iran,Computer
9929,Male,12/28/2023,36042641,42,2,74.77,149.54,United Kingdom,Computer
2765,Male,12/29/2023,57778022,70,3,63.88,191.64,Taiwan,Computer
1130,Male,12/29/2023,71920492,75,3,32.34,97.02,Germany,Computer
8329,Male,12/30/2023,60510134,2,1,33.11,33.11,United States,Computer
8023,Male,12/31/2023,52697896,2,1,33.11,33.11,India,Computer
8307,Male,12/31/2023,61266739,55,2,73.53,147.06,South Korea,Computer
4655,Female,12/31/2023,97344391,40,1,89.85,89.85,United States,Computer
